PM2.5,PM10,So2,No2,Co,O3,class
75.0,181.0,65.0,58.0,1.78,34.0,3
225.0,373.0,136.0,124.0,4.79,17.0,1
200.0,346.0,111.0,97.0,4.42,22.0,1
197.0,310.0,118.0,98.0,2.95,16.0,1
180.0,323.0,123.0,115.0,3.43,16.0,1
156.0,268.0,108.0,83.0,2.76,13.0,2
206.0,316.0,114.0,91.0,3.04,17.0,1
95.0,161.0,76.0,64.0,2.43,30.0,3
115.0,198.0,96.0,70.0,2.15,35.0,2
250.0,373.0,140.0,100.0,4.11,31.0,1
355.0,539.0,176.0,134.0,5.62,28.0,4
196.0,302.0,111.0,86.0,3.28,36.0,2
218.0,324.0,167.0,95.0,3.72,29.0,1
218.0,322.0,153.0,110.0,3.85,26.0,1
408.0,596.0,170.0,139.0,6.21,21.0,4
517.0,751.0,179.0,159.0,6.41,20.0,4
321.0,448.0,132.0,113.0,3.87,17.0,1
386.0,602.0,146.0,139.0,5.67,20.0,4
303.0,499.0,124.0,122.0,4.71,22.0,4
26.0,134.0,39.0,28.0,0.76,48.0,0
97.0,151.0,88.0,62.0,2.29,33.0,3
210.0,326.0,159.0,104.0,4.23,23.0,1
222.0,361.5,172.0,128.5,4.24,20.5,1
234.0,397.0,185.0,153.0,4.25,18.0,1
153.0,254.0,144.0,103.0,3.26,32.0,2
102.0,168.0,118.0,58.0,2.08,36.0,3
247.0,357.0,161.0,100.0,4.65,24.0,1
164.0,236.0,102.0,73.0,2.99,36.0,2
203.0,324.0,139.0,80.0,3.88,30.0,1
194.0,316.0,124.0,87.0,3.3,36.0,1
185.0,292.0,103.0,53.0,2.7,32.0,2
133.0,229.0,76.0,52.0,2.75,25.0,2
196.0,339.0,90.0,58.0,3.07,32.0,1
42.0,116.0,42.0,27.0,1.43,56.0,0
57.0,107.0,57.0,31.0,1.92,57.0,0
82.0,136.0,80.0,33.0,1.6,52.0,3
145.0,225.0,90.0,54.0,2.77,42.0,2
124.0,170.0,52.0,45.0,2.02,39.0,3
103.0,143.0,49.0,34.0,1.79,55.0,3
34.0,54.0,58.0,37.0,1.28,52.0,0
122.0,163.0,78.0,52.0,2.54,40.0,3
154.0,229.0,147.0,75.0,3.28,34.0,2
241.0,347.0,166.0,101.0,4.22,28.0,1
303.0,491.0,167.0,112.0,5.57,32.0,4
373.0,569.0,174.0,126.0,6.1,38.0,4
429.0,628.0,167.0,145.0,5.74,31.0,4
347.0,509.0,178.0,116.0,4.82,26.0,4
123.0,207.0,97.0,57.0,2.8,46.0,2
82.0,138.0,73.0,60.0,2.19,45.0,3
97.0,167.0,89.0,68.0,2.46,20.0,3
225.0,336.0,122.0,81.0,3.45,23.0,1
252.0,389.0,159.0,121.0,3.81,19.0,1
286.0,442.0,165.0,126.0,4.43,12.0,1
233.0,357.0,110.0,90.0,3.72,9.0,1
239.0,376.0,158.0,101.0,4.43,9.0,1
356.0,560.0,200.0,126.0,5.59,15.0,4
434.0,672.0,188.0,151.0,6.04,22.0,4
113.0,172.0,63.0,63.0,2.93,24.0,3
89.0,152.0,126.0,70.0,3.33,20.0,3
131.0,230.0,116.0,73.0,3.43,43.0,2
187.0,309.0,124.0,93.0,4.12,26.0,1
232.0,364.0,93.0,98.0,4.61,19.0,1
131.0,238.0,92.0,76.0,3.54,32.0,2
46.0,97.0,60.0,49.0,2.26,40.0,0
73.0,137.0,71.0,54.0,2.56,33.0,3
105.0,192.0,97.0,75.0,3.17,24.0,3
220.0,368.0,163.0,107.0,3.94,34.0,1
185.0,301.0,119.0,91.0,3.38,34.0,2
109.0,186.0,94.0,74.0,2.93,23.0,3
228.0,401.0,132.0,109.0,4.23,36.0,1
31.0,145.0,48.0,35.0,1.6,55.0,3
64.0,154.0,76.0,60.0,2.33,34.0,3
33.0,144.0,54.0,42.0,2.16,53.0,3
91.0,245.0,90.0,73.0,6.84,42.0,2
147.0,326.0,91.0,91.0,3.9,41.0,2
189.0,414.0,94.0,96.0,3.46,24.0,1
50.0,221.0,35.0,39.0,2.59,62.0,3
51.0,108.0,35.0,42.0,2.16,58.0,0
28.0,86.0,23.0,38.0,4.46,61.0,0
68.0,182.0,40.0,55.0,7.44,45.0,3
92.0,222.0,53.0,72.0,9.87,42.0,3
114.0,238.0,53.0,61.0,2.25,71.0,2
156.5,307.0,58.5,72.5,2.215,63.0,2
199.0,376.0,64.0,84.0,2.18,55.0,1
236.0,427.0,79.0,67.0,2.67,49.0,1
245.0,384.0,41.0,63.0,1.97,14.0,1
143.0,318.0,46.0,74.0,1.47,32.0,2
159.0,317.0,32.0,75.0,1.65,41.0,2
95.0,215.0,22.0,54.0,0.61,49.0,3
104.0,239.0,47.0,53.0,0.9,42.0,2
84.0,169.0,28.0,43.0,0.7,52.0,3
120.0,273.0,38.0,46.0,0.75,56.0,2
46.0,139.0,33.0,33.0,0.52,57.0,3
36.0,224.0,19.0,29.0,0.7,57.0,3
37.0,144.0,20.0,23.0,0.55,69.0,5
68.0,216.0,46.0,42.0,0.88,50.0,3
92.0,242.0,46.0,44.0,1.1,69.0,2
151.0,344.0,53.0,60.0,1.4,79.0,2
125.0,301.0,48.0,47.0,1.07,63.0,2
59.0,391.0,30.0,29.0,0.74,51.0,2
60.0,160.0,30.0,44.0,0.97,53.0,3
92.0,213.0,41.0,70.0,1.15,52.0,3
149.0,287.0,57.0,57.0,1.68,77.0,2
116.0,261.0,42.0,33.0,1.39,94.0,2
64.0,151.0,32.0,33.0,0.94,57.0,3
45.0,142.0,29.0,43.0,1.1,61.0,3
81.0,153.0,17.0,38.0,1.26,58.0,3
150.0,258.0,38.0,47.0,1.7,32.0,2
70.0,124.0,28.0,38.0,0.97,46.0,3
95.0,164.0,26.0,37.0,1.31,55.0,3
121.0,205.0,23.0,35.0,1.74,50.0,3
91.0,167.0,31.0,32.0,1.9,58.0,3
101.0,187.0,27.0,28.0,1.9,63.0,3
99.0,173.0,25.0,31.0,2.05,73.0,3
98.0,181.0,27.0,32.0,1.91,85.0,3
45.0,114.0,6.0,18.0,1.4,48.0,0
60.0,160.0,13.0,37.0,1.67,51.0,3
68.0,142.0,17.0,31.0,1.89,75.0,3
83.0,180.0,32.0,37.0,2.05,80.0,3
85.0,181.0,27.0,34.0,1.63,78.0,3
110.0,255.0,25.0,27.0,1.87,69.0,2
27.0,96.0,4.0,14.0,0.98,63.0,0
44.0,212.0,21.0,26.0,0.94,54.0,3
27.0,118.0,3.0,13.0,0.38,65.0,0
36.0,107.0,13.0,32.0,0.54,58.0,0
79.0,188.0,26.0,43.0,0.86,63.0,3
83.0,190.0,20.0,44.0,1.35,62.0,3
68.0,146.0,17.0,29.0,1.08,64.0,3
70.0,171.0,25.0,31.0,1.24,61.0,3
56.0,135.0,19.0,29.0,1.16,59.0,3
31.0,45.0,5.0,12.0,0.77,61.0,0
32.0,109.0,28.0,26.0,1.16,59.0,0
82.0,211.0,54.0,44.0,1.87,56.0,3
32.0,133.0,21.0,24.0,1.02,55.0,0
55.0,236.0,35.0,35.0,1.0,52.0,3
64.0,225.0,37.0,38.0,1.42,71.0,3
80.0,199.0,50.0,39.0,1.36,84.0,3
106.0,229.0,60.0,39.0,1.58,85.0,2
106.0,284.0,46.0,31.0,1.37,82.0,2
107.0,270.0,41.0,33.0,1.82,96.0,2
116.0,297.0,60.0,37.0,1.78,84.0,2
115.0,270.0,57.0,33.0,1.04,80.0,2
77.0,183.0,50.0,23.0,0.83,100.0,3
61.0,103.0,20.0,13.0,0.75,65.0,0
87.0,277.0,22.0,18.0,0.66,50.0,2
29.0,134.0,29.0,22.0,0.69,67.0,0
39.0,263.0,22.0,21.0,0.67,71.0,3
43.0,141.0,37.0,37.0,0.95,78.0,5
58.0,207.0,52.0,46.0,1.24,90.0,3
101.0,275.0,56.0,50.0,1.6,130.0,2
113.0,266.0,46.0,28.0,1.41,106.0,2
51.0,97.0,23.0,16.0,0.9,76.0,0
32.0,73.0,21.0,12.0,0.87,73.0,0
44.0,114.0,27.0,35.0,0.88,74.0,0
58.0,133.0,54.0,33.0,1.2,105.0,5
68.0,150.0,45.0,28.0,1.26,126.0,5
88.0,153.0,70.0,37.0,1.18,87.0,3
26.0,66.0,27.0,25.0,0.9,81.0,0
35.0,122.0,33.0,28.0,0.97,112.0,5
35.0,111.0,31.0,32.0,0.97,100.0,5
52.0,99.0,28.0,21.0,1.09,113.0,5
63.0,106.0,30.0,21.0,1.17,109.0,5
52.0,127.0,33.0,34.0,0.93,125.0,5
74.0,181.0,49.0,35.0,1.18,136.0,5
68.0,130.0,36.0,28.0,1.3,165.0,5
113.0,220.0,44.0,31.0,1.38,134.0,3
126.0,180.0,29.0,18.0,1.25,127.0,3
107.0,155.0,27.0,22.0,1.15,102.0,3
117.0,163.0,29.0,38.0,1.21,94.0,3
166.0,238.0,30.0,43.0,1.41,76.0,2
41.0,71.0,23.0,30.0,1.02,107.0,0
56.0,96.0,39.0,30.0,1.05,112.0,5
62.0,99.0,25.0,31.0,0.8,82.0,5
51.0,105.0,26.0,35.0,0.9,100.0,5
72.0,149.0,41.0,45.0,1.19,120.0,5
103.0,145.0,34.0,34.0,1.24,86.0,3
161.0,241.0,32.0,32.0,1.75,98.0,2
55.0,131.0,32.0,29.0,1.1,94.0,5
38.0,113.0,39.0,47.0,1.0,85.0,5
66.0,164.0,62.0,84.0,2.6,109.0,3
63.0,134.0,63.0,38.0,2.3,107.0,5
124.0,201.0,66.0,30.0,1.48,122.0,3
86.0,106.0,22.0,24.0,1.41,78.0,5
151.0,199.0,34.0,29.0,1.57,97.0,3
126.0,164.0,30.0,28.0,1.56,71.0,3
78.0,120.0,32.0,25.0,1.89,93.0,5
137.0,205.0,40.0,30.0,1.69,135.0,3
172.0,243.0,40.0,30.0,1.59,138.0,2
166.0,240.0,41.0,29.0,1.48,158.0,2
63.0,133.0,39.0,45.0,0.93,69.0,3
30.0,81.0,23.0,24.0,0.72,100.0,0
95.0,177.0,29.0,38.0,1.15,106.0,3
30.0,104.0,23.0,31.0,0.59,114.0,5
32.0,101.0,23.0,40.0,0.55,96.0,5
50.0,165.0,35.0,51.0,0.87,122.0,5
49.0,112.0,32.0,25.0,0.81,159.0,5
76.0,127.0,32.0,29.0,0.93,125.0,5
90.0,126.0,19.0,24.0,1.43,116.0,5
133.0,201.0,21.0,30.0,1.73,115.0,3
47.0,100.0,21.0,31.0,0.99,74.0,0
54.0,93.0,22.0,25.0,0.98,73.0,0
48.0,102.0,25.0,28.0,1.11,76.0,0
26.0,69.0,25.0,37.0,1.11,46.0,0
30.0,73.0,25.0,37.0,0.97,51.0,0
60.0,106.0,35.0,44.0,0.98,57.0,0
101.0,156.0,31.0,38.0,1.59,126.0,5
86.0,138.0,36.0,23.0,1.15,139.0,5
109.0,167.0,42.0,27.0,1.25,159.0,5
118.0,163.0,35.0,29.0,1.26,115.0,3
120.0,168.0,25.0,25.0,1.21,124.0,5
90.0,105.0,19.0,23.0,1.43,120.0,5
139.0,187.0,56.0,36.0,1.84,108.0,3
129.0,180.0,41.0,32.0,1.49,101.0,3
139.0,202.0,31.0,34.0,1.53,114.0,3
150.0,212.0,31.0,37.0,1.63,93.0,2
47.0,88.0,19.0,30.0,1.06,54.0,0
30.0,52.0,17.0,21.0,1.01,65.0,0
53.0,95.0,24.0,25.0,1.32,66.0,0
51.0,110.0,32.0,33.0,1.53,120.0,5
73.5,148.0,43.5,39.0,1.43,123.0,5
96.0,186.0,55.0,45.0,1.33,126.0,3
80.0,142.0,37.0,29.0,0.98,165.0,5
65.0,122.0,32.0,33.0,0.82,93.0,5
40.0,114.0,34.0,39.0,0.68,118.0,5
29.0,46.0,16.0,22.0,0.59,109.0,0
49.0,89.0,23.0,32.0,0.89,88.0,0
27.0,70.0,26.0,30.0,0.61,109.0,0
56.0,141.0,31.0,45.0,0.94,121.0,5
46.0,78.0,25.0,24.0,0.87,133.0,5
74.0,112.0,32.0,29.0,1.09,97.0,5
78.0,126.0,35.0,29.0,0.93,131.0,5
101.0,163.0,57.0,30.0,1.39,136.0,5
154.0,227.0,54.0,28.0,1.69,147.0,2
135.5,205.0,45.0,29.5,1.56,130.5,3
117.0,183.0,36.0,31.0,1.43,114.0,3
45.0,84.0,24.0,27.0,0.89,94.0,0
38.0,85.0,26.0,33.0,0.97,85.0,0
60.0,137.0,39.0,39.0,1.02,108.0,5
78.0,198.0,47.0,47.0,1.2,120.0,3
79.0,127.0,25.0,29.0,1.11,96.0,5
55.0,84.0,16.0,24.0,1.12,120.0,5
109.0,166.0,19.0,42.0,1.5,61.0,3
85.0,115.0,22.0,32.0,1.28,106.0,5
122.0,173.0,41.0,34.0,1.45,97.0,3
38.0,45.0,14.0,25.0,1.13,90.0,0
20.0,41.0,19.0,28.0,0.85,71.0,0
35.0,95.0,30.0,32.0,1.0,91.0,0
82.0,155.0,40.0,34.0,1.4,120.0,5
112.0,184.0,33.0,31.0,1.57,117.0,3
146.0,221.0,51.0,30.0,2.12,112.0,2
72.0,126.0,18.0,22.0,1.15,85.0,5
51.0,131.0,32.0,35.0,1.24,83.0,5
72.0,161.0,78.0,44.0,1.44,94.0,3
100.0,168.0,47.0,47.0,1.44,53.0,3
39.0,64.0,11.0,25.0,0.97,77.0,0
63.0,108.0,24.0,32.0,1.27,87.0,5
101.0,161.0,20.0,59.0,1.25,32.0,3
33.0,73.0,18.0,50.0,1.02,41.0,0
52.0,126.0,23.0,68.0,1.0,17.0,3
31.0,54.0,14.0,37.0,1.01,39.0,0
66.0,120.0,15.0,49.0,1.17,60.0,3
102.0,177.0,37.0,55.0,1.47,66.0,3
138.0,225.0,26.0,58.0,1.49,74.0,2
143.0,231.0,21.0,64.0,1.48,70.0,2
102.0,164.0,18.0,57.0,1.59,47.0,3
87.0,125.0,14.0,71.0,2.12,23.0,3
76.0,117.0,14.0,51.0,1.77,48.0,3
84.0,131.0,22.0,55.0,1.3,62.0,3
142.0,222.0,50.0,65.0,1.42,78.0,2
83.0,143.0,17.0,60.0,1.15,60.0,3
82.0,162.0,24.0,81.0,1.2,32.0,3
104.0,186.0,18.0,53.0,1.4,41.0,3
41.0,89.0,20.0,29.0,1.1,38.0,0
124.0,200.0,19.0,50.0,1.25,10.0,3
91.0,124.0,8.0,46.0,1.09,19.0,3
140.0,230.0,15.0,57.0,1.61,26.0,2
96.0,130.0,12.0,35.0,1.0,51.0,3
67.0,115.0,17.0,45.0,1.08,34.0,3
72.0,143.0,24.0,46.0,1.12,51.0,3
193.0,303.0,47.0,74.0,1.41,43.0,2
360.0,536.0,34.0,92.0,2.1,43.0,4
396.0,594.0,38.0,88.0,2.49,64.0,4
324.0,481.0,37.0,72.0,2.11,82.0,1
235.0,338.0,39.0,55.0,1.5,53.0,1
33.0,61.0,7.0,31.0,0.52,30.0,0
28.0,62.0,12.0,33.0,0.54,31.0,0
89.0,176.0,36.0,42.0,1.04,39.0,3
74.0,197.0,28.0,37.0,0.81,38.0,3
49.0,123.0,39.0,37.0,0.96,35.0,3
106.0,245.0,56.0,59.0,1.68,42.0,2
202.0,378.0,69.0,112.0,2.27,53.0,1
247.0,398.0,48.0,80.0,2.26,43.0,1
218.0,310.0,13.0,56.0,2.09,12.0,2
63.0,145.0,42.0,48.0,1.17,32.0,3
69.0,138.0,39.0,50.0,1.23,23.0,3
191.0,342.0,54.0,85.0,1.99,19.0,1
298.0,495.0,44.0,93.0,2.46,26.0,1
310.0,537.0,29.0,94.0,2.99,23.0,4
101.0,240.0,21.0,59.0,1.86,26.0,2
68.0,184.0,44.0,63.0,1.11,23.0,3
58.0,128.0,44.0,55.0,1.01,27.0,3
130.0,270.0,51.0,98.0,1.36,18.0,2
185.0,353.0,94.0,109.0,1.7,27.0,1
200.0,356.0,66.0,133.0,1.76,23.0,1
176.0,315.0,25.0,95.0,1.75,28.0,2
24.0,74.0,14.0,33.0,0.38,56.0,0
41.0,97.0,29.0,55.0,0.7,36.0,0
121.0,247.0,106.0,93.0,2.14,23.0,2
123.0,235.0,48.0,97.0,1.92,30.0,2
37.0,82.0,18.0,43.0,1.24,46.0,0
39.0,72.0,30.0,38.0,0.99,31.0,0
90.0,131.0,22.0,47.0,1.52,20.0,3
129.0,199.0,33.0,61.0,1.79,26.0,3
151.0,230.0,44.0,72.0,2.0,29.0,2
123.0,206.0,29.0,53.0,1.57,33.0,3
28.0,78.0,17.0,24.0,0.48,60.0,0
52.0,123.0,55.0,60.0,1.36,30.0,3
94.0,189.0,77.0,76.0,2.08,24.0,3
191.0,295.0,156.0,100.0,2.96,17.0,1
128.0,205.0,74.0,59.0,1.86,22.0,2
100.0,184.0,117.0,77.0,2.82,23.0,3
224.0,335.0,153.0,120.0,4.27,16.0,1
353.0,532.0,173.0,132.0,4.58,12.0,4
413.0,567.0,167.0,171.0,5.28,11.0,4
525.0,706.0,191.0,197.0,7.07,12.0,4
167.0,265.0,118.0,91.0,3.19,18.0,2
255.0,360.0,144.0,106.0,4.83,12.0,1
149.0,222.0,124.0,85.0,3.55,14.0,2
346.0,464.0,170.0,129.0,7.22,17.0,4
479.0,677.0,146.0,136.0,6.87,12.0,4
194.0,338.0,83.0,86.0,3.86,12.0,1
127.0,220.0,86.0,66.0,3.56,16.0,2
155.0,271.0,89.0,75.0,4.16,7.0,2
116.0,309.0,62.0,53.0,2.79,28.0,2
38.0,106.0,55.0,34.0,1.32,41.0,0
129.0,198.0,122.0,73.0,2.98,12.0,2
24.0,81.0,52.0,41.0,0.9,45.0,0
38.0,63.0,62.0,39.0,1.21,45.0,0
131.0,112.0,152.0,76.0,2.9,22.0,3
195.0,146.0,168.0,91.0,3.85,13.0,2
149.0,127.0,184.0,83.0,4.02,17.0,3
238.0,153.0,184.0,89.0,4.98,17.0,2
343.0,97.0,226.0,111.0,7.26,14.0,2
215.0,149.0,101.0,62.0,4.95,31.0,2
98.0,170.0,155.0,54.0,3.06,26.0,3
47.0,120.0,75.0,37.0,1.72,36.0,3
127.0,222.0,132.0,70.0,3.93,21.0,2
302.0,406.0,202.0,103.0,6.92,20.0,1
193.0,328.0,109.0,57.0,4.61,32.0,1
31.0,87.0,60.0,29.0,1.84,40.0,0
108.0,198.0,146.0,61.0,4.2,21.0,2
234.0,370.0,186.0,135.0,5.96,13.0,1
197.0,317.0,131.0,88.0,4.68,24.0,1
66.0,108.0,101.0,42.0,2.53,29.0,3
37.0,101.0,84.0,32.0,1.66,41.0,0
122.0,228.0,174.0,83.0,5.01,19.0,2
264.0,367.0,258.0,119.0,5.86,17.0,1
246.0,348.0,193.0,100.0,5.83,22.0,1
251.0,344.0,179.0,107.0,5.3,21.0,1
360.0,518.0,236.0,113.0,6.93,19.0,4
385.0,548.0,262.0,142.0,7.32,15.0,4
578.0,797.0,248.0,145.0,10.04,20.0,4
273.0,436.0,188.0,89.0,6.34,21.0,1
166.0,281.0,132.0,80.0,4.51,23.0,2
22.0,151.0,28.0,13.0,1.49,59.0,3
143.0,244.0,129.0,55.0,4.12,35.0,2
180.0,287.0,152.0,60.0,4.61,35.0,2
305.0,462.0,200.0,92.0,7.18,27.0,1
441.0,665.0,235.0,146.0,7.86,15.0,4
265.0,450.0,149.0,113.0,5.51,18.0,1
64.0,128.0,82.0,42.0,1.67,33.0,3
178.0,282.0,151.0,80.0,3.86,18.0,2
325.0,482.0,221.0,112.0,6.94,15.0,4
417.0,608.0,243.0,123.0,7.41,19.0,4
200.0,339.0,150.0,75.0,4.15,17.0,1
141.0,230.0,130.0,62.0,3.09,19.0,2
103.0,157.0,110.0,48.0,2.24,22.0,3
234.0,340.0,163.0,79.0,4.74,13.0,1
233.0,351.0,128.0,91.0,4.55,9.0,1
299.0,462.0,97.0,82.0,4.86,10.0,1
154.0,312.0,74.0,65.0,2.73,24.0,2
134.0,222.0,135.0,69.0,3.03,19.0,2
154.0,294.0,107.0,48.0,3.15,33.0,2
121.0,221.0,149.0,61.0,3.5,28.0,2
143.0,247.0,124.0,70.0,4.05,11.0,2
110.0,182.0,109.0,53.0,3.27,26.0,3
168.0,276.0,136.0,66.0,3.49,17.0,2
280.0,413.0,163.0,96.0,5.41,17.0,1
218.0,342.0,129.0,78.0,4.47,13.0,1
126.0,181.0,75.0,47.0,2.6,13.0,3
241.0,389.0,95.0,55.0,3.76,15.0,1
63.0,98.0,96.0,43.0,2.01,30.0,0
174.0,243.0,121.0,63.0,3.99,19.0,2
140.0,201.0,118.0,50.0,2.73,22.0,2
145.0,216.0,117.0,55.0,3.3,24.0,2
189.0,269.0,143.0,65.0,4.61,23.0,2
256.0,370.0,175.0,74.0,5.99,24.0,1
283.0,403.0,183.0,86.0,5.78,18.0,1
261.0,369.0,139.0,72.0,4.81,21.0,1
33.0,85.0,72.0,32.0,1.22,48.0,0
79.0,137.0,115.0,47.0,2.16,34.0,3
174.0,277.0,212.0,77.0,3.79,21.0,2
81.0,140.0,92.0,41.0,2.16,41.0,3
60.0,101.0,86.0,39.0,1.49,43.0,0
164.0,261.0,178.0,69.0,3.28,27.0,2
229.0,369.0,197.0,88.0,5.13,26.0,1
177.0,276.0,129.0,78.0,4.07,32.0,2
144.0,226.0,123.0,70.0,3.26,33.0,2
193.0,309.0,143.0,74.0,3.75,32.0,1
240.0,373.0,172.0,78.0,4.13,50.0,1
206.0,364.0,125.0,70.0,3.97,32.0,1
149.0,306.0,108.0,54.0,3.41,36.0,2
102.0,195.0,88.0,48.0,2.41,40.0,3
178.0,275.0,102.0,45.0,2.99,50.0,2
161.0,230.0,116.0,38.0,2.04,42.0,2
237.0,307.0,58.0,41.0,3.3,18.0,1
230.0,374.0,65.0,33.0,2.93,32.0,1
35.0,183.0,43.0,20.0,1.15,59.0,3
100.0,226.0,104.0,43.0,2.26,51.0,2
265.0,442.0,111.0,58.0,4.13,29.0,1
136.0,247.0,68.0,36.0,2.2,42.0,2
68.0,108.0,92.0,38.0,1.89,47.0,3
68.0,103.0,82.0,37.0,2.06,39.0,3
153.0,210.0,77.0,44.0,2.58,21.0,2
68.0,127.0,84.0,41.0,2.16,44.0,3
102.0,210.0,116.0,54.0,2.72,36.0,2
33.0,89.0,55.0,26.0,0.77,59.0,0
74.0,130.0,94.0,48.0,1.59,42.0,3
106.0,174.0,108.0,57.0,1.6,42.0,3
167.0,276.0,123.0,55.0,2.03,46.0,2
203.0,315.0,116.0,69.0,2.54,41.0,1
244.0,385.0,98.0,86.0,3.9,26.0,1
47.0,99.0,46.0,33.0,0.98,54.0,0
67.0,141.0,85.0,53.0,1.15,47.0,3
99.0,200.0,83.0,57.0,1.72,54.0,3
108.0,211.0,80.0,65.0,1.85,42.0,2
123.0,205.0,104.0,70.0,2.28,36.0,2
119.0,225.0,106.0,64.0,1.92,36.0,2
132.0,289.0,99.0,70.0,2.17,41.0,2
253.0,410.0,75.0,54.0,2.34,34.0,1
194.0,352.0,47.0,56.0,2.2,48.0,1
64.0,146.0,43.0,48.0,1.34,55.0,3
121.0,280.0,51.0,73.0,1.9,52.0,2
92.0,281.0,45.0,51.0,1.61,58.0,2
39.0,166.0,35.0,34.0,0.91,63.0,3
46.0,257.0,30.0,39.0,1.03,43.0,3
51.0,161.0,33.0,41.0,0.96,49.0,3
93.0,223.0,48.0,58.0,1.74,44.0,3
128.0,243.0,50.0,70.0,2.17,49.0,2
106.0,193.0,66.0,60.0,1.73,84.0,3
99.0,175.0,64.0,50.0,1.41,79.0,3
79.0,253.0,37.0,49.0,1.14,58.0,2
75.0,335.0,44.0,57.0,1.36,59.0,2
137.0,309.0,57.0,42.0,1.85,92.0,2
136.0,222.0,26.0,40.0,1.89,43.0,2
71.0,113.0,27.0,48.0,1.35,42.0,3
57.0,81.0,19.0,34.0,1.34,72.0,0
93.0,134.0,28.0,47.0,1.54,64.0,3
63.0,97.0,22.0,35.0,0.94,97.0,5
69.0,130.0,17.0,33.0,1.02,76.0,5
25.0,56.0,11.0,21.0,0.84,72.0,0
53.0,93.0,18.0,40.0,0.92,64.0,0
109.0,157.0,33.0,50.0,1.1,46.0,3
165.0,240.0,45.0,66.0,1.6,53.0,2
119.0,183.0,32.0,64.0,1.21,58.0,3
132.0,203.0,35.0,57.0,1.46,74.0,3
18.0,54.0,14.0,26.0,0.65,70.0,0
28.0,54.0,17.0,31.0,0.64,83.0,0
77.0,131.0,36.0,55.0,1.06,68.0,3
114.0,252.0,63.0,57.0,1.52,65.0,2
29.0,138.0,19.0,16.0,0.38,91.0,5
70.0,175.0,56.0,54.0,1.09,68.0,3
111.0,253.0,49.0,71.0,1.15,39.0,2
70.0,133.0,30.0,37.0,1.14,59.0,3
98.0,164.0,35.0,49.0,1.26,58.0,3
69.0,154.0,34.0,40.0,0.88,73.0,3
42.0,109.0,26.0,42.0,0.75,76.0,0
75.0,151.0,44.0,49.0,0.91,80.0,3
50.0,152.0,31.0,37.0,0.94,92.0,5
91.0,176.0,52.0,48.0,1.26,109.0,3
106.0,177.0,55.0,39.0,1.28,89.0,3
94.0,160.0,53.0,36.0,1.17,102.0,3
78.0,129.0,35.0,38.0,1.47,82.0,3
124.0,182.0,70.0,41.0,1.29,83.0,3
114.0,168.0,33.0,42.0,1.09,115.0,3
96.0,139.0,27.0,30.0,0.94,96.0,5
37.0,60.0,15.0,27.0,0.59,89.0,0
84.0,157.0,21.0,49.0,0.8,69.0,3
40.0,96.0,28.0,37.0,0.57,87.0,0
84.0,151.0,47.0,49.0,1.09,91.0,3
30.0,111.0,20.0,28.0,0.54,87.0,5
48.0,104.0,30.0,34.0,0.77,94.0,5
112.0,170.0,40.0,40.0,1.22,117.0,3
43.0,65.0,18.0,30.0,1.06,53.0,0
34.0,52.0,18.0,37.0,1.01,38.0,0
33.0,53.0,16.0,25.0,0.7,60.0,0
22.0,54.0,18.0,24.0,0.43,90.0,0
58.0,115.0,44.0,46.0,1.07,80.0,5
22.0,72.0,20.0,28.0,0.35,90.0,0
39.0,85.0,20.0,34.0,0.57,97.0,0
80.0,140.0,43.0,46.0,1.03,119.0,5
91.0,152.0,35.0,30.0,1.06,101.0,3
38.0,87.0,21.0,33.0,0.66,103.0,5
25.0,78.0,18.0,32.0,0.42,78.0,0
18.0,46.0,16.0,28.0,0.37,89.0,0
57.0,104.0,48.0,47.0,0.72,83.0,5
61.0,103.0,45.0,43.0,1.11,121.0,5
97.0,147.0,43.0,38.0,1.23,156.0,5
115.0,172.0,54.0,42.0,1.25,154.0,5
105.0,162.0,56.0,40.0,1.16,161.0,5
91.0,143.0,45.0,36.0,1.09,149.0,5
109.0,168.0,29.0,34.0,1.02,138.0,5
106.0,160.0,38.0,35.0,1.11,122.0,5
85.0,125.0,23.0,40.0,0.87,63.0,3
75.0,131.0,31.0,44.0,0.85,82.0,3
56.0,105.0,36.0,33.0,0.75,119.0,5
100.0,181.0,49.0,41.0,1.23,122.0,3
42.0,88.0,26.0,37.0,0.62,85.0,0
59.0,126.0,39.0,57.0,0.89,89.0,5
54.0,109.0,37.0,44.0,0.72,77.0,0
51.0,127.0,42.0,45.0,0.73,95.0,5
40.0,100.0,25.0,31.0,0.58,122.0,5
29.0,61.0,27.0,34.0,0.46,71.0,0
43.0,85.0,29.0,48.0,0.62,71.0,0
62.0,127.0,29.0,47.0,1.04,132.0,5
81.0,128.0,20.0,30.0,2.64,122.0,5
28.0,63.0,14.0,31.0,1.06,83.0,0
14.0,43.0,13.0,22.0,0.35,90.0,0
16.0,42.0,19.0,32.0,0.53,94.0,0
45.0,96.0,22.0,52.0,0.8,112.0,5
84.0,165.0,47.0,59.0,1.27,115.0,3
109.0,193.0,41.0,62.0,1.31,125.0,3
78.0,143.0,22.0,43.0,1.07,148.0,5
49.0,89.0,16.0,28.0,0.89,134.0,5
31.0,78.0,19.0,43.0,0.56,80.0,0
37.0,71.0,25.0,40.0,0.63,87.0,0
56.0,114.0,24.0,59.0,0.72,123.0,5
79.0,139.0,33.0,49.0,0.93,136.0,5
111.0,171.0,29.0,37.0,1.26,157.0,5
54.0,82.0,20.0,26.0,0.71,133.0,5
71.0,113.0,22.0,29.0,0.81,126.0,5
93.0,137.0,15.0,27.0,0.94,141.0,5
94.0,148.0,31.0,30.0,1.22,146.0,5
108.0,167.0,35.0,32.0,1.25,136.0,5
83.0,124.0,16.0,25.0,0.97,106.0,5
18.0,37.0,11.0,17.0,0.53,76.0,0
42.0,80.0,17.0,35.0,0.64,59.0,0
18.0,44.0,15.0,36.0,0.5,56.0,0
28.0,65.0,22.0,32.0,0.69,106.0,0
28.0,59.0,23.0,28.0,0.52,98.0,0
56.0,90.0,19.0,30.0,0.8,115.0,5
60.0,101.0,25.0,26.0,0.84,119.0,5
68.0,111.0,36.0,31.0,0.83,129.0,5
108.0,165.0,35.0,37.0,1.05,125.0,5
110.0,164.0,34.0,29.0,0.99,129.0,5
65.0,110.0,34.0,27.0,0.8,134.0,5
102.0,151.0,82.0,34.0,0.97,135.0,5
82.0,122.0,65.0,37.0,0.85,126.0,5
96.0,167.0,36.0,46.0,1.27,159.0,5
62.0,116.0,35.0,40.0,0.98,117.0,5
76.0,134.0,26.0,51.0,0.93,78.0,3
45.0,71.0,15.0,22.0,0.81,116.0,5
46.0,78.0,16.0,22.0,0.98,87.0,0
57.0,90.0,20.0,23.0,0.93,110.0,5
42.0,66.0,17.0,18.0,0.75,117.0,5
74.0,115.0,16.0,25.0,0.98,83.0,5
86.0,132.0,20.0,30.0,1.04,99.0,5
76.0,119.0,23.0,27.0,0.97,94.0,5
82.0,140.0,19.0,34.0,0.96,90.0,5
56.0,96.0,28.0,34.0,0.85,101.0,5
91.0,154.0,23.0,35.0,1.1,118.0,5
82.0,144.0,24.0,31.0,1.05,117.0,5
105.0,169.0,19.0,25.0,1.21,108.0,3
54.0,97.0,23.0,20.0,0.86,113.0,5
58.0,107.0,22.0,27.0,0.97,80.0,5
40.0,75.0,20.0,19.0,0.87,87.0,0
36.0,77.0,19.0,25.0,1.13,65.0,0
47.0,89.0,19.0,29.0,1.04,59.0,0
81.0,144.0,19.0,35.0,1.18,51.0,3
93.0,175.0,22.0,33.0,1.46,37.0,3
29.0,61.0,21.0,30.0,0.83,81.0,0
101.0,170.0,18.0,30.0,1.43,85.0,3
77.0,140.0,15.0,35.0,1.03,78.0,3
78.0,141.0,13.0,39.0,0.86,66.0,3
46.0,95.0,11.0,23.0,0.62,103.0,5
124.0,206.0,13.0,30.0,0.99,104.0,3
148.0,241.0,14.0,45.0,1.08,96.0,2
126.0,207.0,14.0,42.0,1.24,87.0,3
110.0,178.0,19.0,33.0,1.08,114.0,3
115.0,187.0,25.0,28.0,1.02,120.0,3
99.0,169.0,20.0,31.0,0.78,94.0,3
80.0,140.0,17.0,47.0,0.69,95.0,5
98.0,158.0,22.0,51.0,0.92,106.0,3
107.0,170.0,21.0,36.0,1.74,87.0,3
61.0,120.0,13.0,29.0,0.62,72.0,5
48.0,94.0,12.0,27.0,0.51,80.0,0
75.0,142.0,16.0,40.0,0.78,87.0,5
45.0,100.0,13.0,28.0,0.58,94.0,5
30.0,77.0,14.0,38.0,0.59,77.0,0
37.0,83.0,12.0,22.0,1.08,101.0,0
19.0,48.0,9.0,23.0,0.56,79.0,0
23.0,52.0,9.0,26.0,0.49,71.0,0
29.0,64.0,10.0,26.0,0.47,80.0,0
34.0,70.0,9.0,32.0,0.57,82.0,0
57.0,98.0,14.0,24.0,0.97,97.0,5
42.0,75.0,11.0,22.0,0.69,107.0,5
48.0,79.0,8.0,23.0,0.77,79.0,0
31.0,53.0,6.0,15.0,0.8,73.0,0
18.0,38.0,6.0,15.0,0.45,62.0,0
16.0,34.0,8.0,21.0,0.34,53.0,0
18.0,33.0,9.0,26.0,0.43,44.0,0
33.0,52.0,10.0,29.0,0.54,53.0,0
33.0,52.0,9.0,16.0,0.5,81.0,0
22.0,44.0,9.0,23.0,0.43,87.0,0
41.0,79.0,12.0,38.0,0.67,73.0,0
68.0,118.0,20.0,60.0,0.77,87.0,5
70.0,113.0,13.0,43.0,0.82,75.0,5
19.0,36.0,8.0,23.0,0.46,34.0,0
20.0,37.0,8.0,19.0,0.33,58.0,0
15.0,39.0,9.0,26.0,0.26,52.0,0
38.0,84.0,14.0,44.0,0.57,54.0,0
70.0,129.0,19.0,45.0,0.88,73.0,3
96.0,167.0,18.0,63.0,0.99,74.0,3
133.0,221.0,19.0,73.0,1.08,61.0,2
159.0,250.0,21.0,71.0,1.39,69.0,2
129.0,205.0,14.0,64.0,1.23,66.0,3
90.0,149.0,13.0,56.0,1.11,37.0,3
66.0,130.0,18.0,48.0,0.93,92.0,5
96.0,172.0,27.0,53.0,1.12,88.0,3
125.0,205.0,18.0,35.0,1.27,73.0,3
62.0,111.0,12.0,37.0,0.89,66.0,0
113.0,193.0,24.0,63.0,1.07,67.0,3
32.0,71.0,17.0,37.0,0.51,76.0,0
57.0,126.0,27.0,61.0,0.68,61.0,3
70.0,136.0,20.0,56.0,0.7,81.0,3
49.0,80.0,8.0,27.0,0.93,63.0,0
38.0,61.0,9.0,40.0,1.2,23.0,0
26.0,45.0,10.0,39.0,0.62,24.0,0
17.0,50.0,13.0,29.0,0.42,45.0,0
37.0,99.0,16.0,49.0,0.64,45.0,0
47.0,120.0,18.0,64.0,0.92,45.0,0
135.0,242.0,30.0,95.0,1.44,46.0,2
179.0,279.0,32.0,97.0,1.78,71.0,2
241.0,365.0,26.0,106.0,2.01,84.0,1
182.0,256.0,25.0,70.0,1.43,73.0,2
29.0,71.0,13.0,33.0,0.46,48.0,0
24.0,69.0,17.0,36.0,0.57,44.0,0
12.0,41.0,11.0,22.0,0.31,45.0,0
22.0,59.0,14.0,41.0,0.57,49.0,0
57.0,104.0,23.0,61.0,0.81,43.0,0
108.0,185.0,39.0,84.0,1.32,55.0,3
195.0,312.0,48.0,105.0,2.33,40.0,2
167.0,288.0,39.0,86.0,2.31,82.0,2
225.0,338.0,49.0,101.0,2.16,70.0,1
230.0,349.0,43.0,103.0,1.93,69.0,1
85.0,154.0,25.0,48.0,1.03,43.0,3
49.0,105.0,33.0,50.0,0.79,38.0,0
70.0,133.0,28.0,62.0,1.44,18.0,3
32.0,56.0,21.0,38.0,1.03,27.0,0
19.0,28.0,13.0,35.0,0.58,30.0,0
41.0,64.0,18.0,53.0,0.92,21.0,0
49.0,94.0,28.0,69.0,1.35,20.0,0
26.0,69.0,47.0,67.0,0.88,17.0,0
27.0,54.0,17.0,41.0,0.56,31.0,0
17.0,58.0,21.0,47.0,0.5,34.0,0
26.0,61.0,20.0,59.0,0.52,27.0,0
39.0,93.0,32.0,73.0,0.95,23.0,0
37.0,80.0,34.0,65.0,0.7,24.0,0
76.0,137.0,53.0,99.0,1.19,19.0,3
98.0,172.0,61.0,89.0,1.51,26.0,3
75.0,150.0,54.0,79.0,1.56,21.0,3
85.0,153.0,55.0,87.0,1.46,34.0,3
123.0,198.0,54.0,99.0,1.57,28.0,2
103.0,178.0,33.0,73.0,1.13,25.0,3
20.0,35.0,18.0,31.0,0.46,36.0,0
21.0,32.0,13.0,37.0,0.56,39.0,0
46.0,67.0,17.0,49.0,1.04,27.0,0
86.0,127.0,25.0,63.0,1.38,18.0,3
79.0,134.0,30.0,59.0,1.42,17.0,3
110.0,192.0,57.0,75.0,2.23,13.0,3
118.0,166.0,67.0,88.0,2.84,13.0,3
167.0,218.0,73.0,116.0,4.34,10.0,2
153.0,208.0,75.0,96.0,3.54,12.0,2
150.0,222.0,58.0,96.0,3.76,14.0,2
34.0,56.0,41.0,55.0,1.21,23.0,0
62.0,97.0,44.0,67.0,1.69,13.0,0
36.0,56.0,61.0,46.0,1.07,25.0,0
56.0,84.0,87.0,51.0,1.19,14.0,0
53.0,81.0,42.0,53.0,1.84,9.0,0
32.0,40.0,36.0,52.0,2.06,10.0,0
42.0,54.0,39.0,45.0,1.71,23.0,0
34.0,41.0,35.0,32.0,1.1,36.0,0
44.0,56.0,65.0,49.0,1.96,23.0,0
45.0,57.0,52.0,37.0,1.48,35.0,0
63.0,80.0,91.0,58.0,2.18,37.0,0
142.0,172.0,141.0,80.0,3.14,22.0,2
265.0,313.0,159.0,108.0,4.99,20.0,1
417.0,493.0,152.0,131.0,6.95,12.0,4
530.0,629.0,122.0,128.0,7.74,22.0,4
169.0,288.0,88.0,70.0,3.57,15.0,2
109.0,195.0,42.0,47.0,2.14,33.0,3
20.0,45.0,27.0,22.0,0.84,47.0,0
130.0,191.0,87.0,71.0,3.41,15.0,2
256.0,346.0,138.0,106.0,5.63,8.0,1
364.0,458.0,174.0,138.0,5.56,7.0,4
275.0,349.0,115.0,130.0,4.2,6.0,1
314.0,405.0,87.0,108.0,5.76,8.0,1
267.0,363.0,102.0,127.0,5.3,7.0,1
301.0,391.0,94.0,119.0,6.22,16.0,1
110.0,156.0,93.0,76.0,2.76,10.0,3
132.0,189.0,102.0,72.0,2.77,16.0,2
303.0,397.0,100.0,129.0,4.87,6.0,1
179.0,243.0,58.0,82.0,2.59,15.0,2
19.0,49.0,28.0,23.0,0.73,46.0,0
18.0,40.0,26.0,21.0,0.72,40.0,0
122.0,179.0,96.0,68.0,3.13,11.0,3
181.0,258.0,121.0,106.0,4.33,14.0,2
203.0,270.0,122.0,126.0,5.46,8.0,2
333.0,426.0,135.0,150.0,7.19,7.0,1
407.0,516.0,123.0,164.0,8.2,6.0,4
319.0,402.0,109.0,158.0,6.89,6.0,1
263.0,409.0,65.0,135.0,7.15,6.0,1
323.0,413.0,98.0,132.0,7.48,8.0,1
250.0,375.0,61.0,109.0,6.7,10.0,1
131.0,226.0,39.0,79.0,5.11,10.0,2
41.0,70.0,47.0,35.0,1.28,28.0,0
179.0,243.0,91.0,81.0,3.84,11.0,2
308.0,397.0,119.0,122.0,6.17,9.0,1
298.0,378.0,118.0,128.0,6.48,13.0,1
297.0,385.0,147.0,142.0,6.7,8.0,1
222.0,297.0,122.0,147.0,5.85,9.0,1
392.0,514.0,137.0,177.0,7.5,11.0,4
293.0,418.0,74.0,135.0,6.47,7.0,1
158.0,240.0,70.0,71.0,3.53,17.0,2
122.0,181.0,95.0,64.0,3.04,20.0,3
180.0,250.0,117.0,87.0,4.31,15.0,2
122.0,176.0,76.0,69.0,3.07,17.0,3
180.0,246.0,102.0,85.0,3.98,15.0,2
239.0,316.0,119.0,113.0,4.37,13.0,1
154.0,215.0,88.0,90.0,3.21,12.0,2
74.0,116.0,59.0,54.0,1.72,24.0,3
159.0,222.0,84.0,77.0,3.49,16.0,2
209.0,282.0,101.0,99.0,4.69,13.0,2
176.0,245.0,103.0,101.0,3.8,15.0,2
212.0,284.0,106.0,117.0,4.53,15.0,1
153.0,215.0,64.0,86.0,3.01,7.0,2
88.0,128.0,41.0,62.0,2.12,22.0,3
84.0,128.0,47.0,61.0,1.97,27.0,3
113.0,174.0,81.0,81.0,2.66,16.0,3
235.0,306.0,117.0,111.0,5.31,7.0,1
125.0,170.0,79.0,83.0,3.62,9.0,3
45.0,75.0,25.0,36.0,1.17,43.0,0
33.0,69.0,25.0,25.0,0.8,49.0,0
27.0,56.0,37.0,34.0,0.94,47.0,0
141.0,188.0,101.0,89.0,3.98,19.0,2
102.0,144.0,86.0,86.0,3.04,20.0,3
203.0,269.0,144.0,117.0,5.66,12.0,2
125.0,174.0,109.0,110.0,3.27,12.0,2
64.0,93.0,61.0,66.0,1.89,21.0,0
55.0,73.0,58.0,51.0,1.35,27.0,0
114.0,139.0,68.0,66.0,2.68,30.0,3
148.0,188.0,92.0,84.0,3.51,27.0,2
152.0,194.0,119.0,96.0,3.97,24.0,2
185.0,230.0,115.0,104.0,4.55,23.0,2
119.0,155.0,94.0,84.0,3.18,26.0,3
132.0,170.0,88.0,77.0,3.59,33.0,3
98.0,132.0,79.0,63.0,2.61,36.0,3
135.0,180.0,96.0,70.0,3.59,33.0,2
128.0,180.0,119.0,54.0,2.19,43.0,2
122.0,158.0,99.0,64.0,3.46,40.0,3
103.0,136.0,87.0,66.0,2.96,34.0,3
98.0,136.0,76.0,66.0,3.09,20.0,3
145.0,194.0,47.0,58.0,3.39,13.0,2
33.0,47.0,29.0,26.0,1.05,48.0,0
11.0,23.0,14.0,12.0,0.67,75.0,0
14.0,33.0,24.0,21.0,0.87,67.0,0
26.0,51.0,45.0,38.0,1.3,56.0,0
66.0,99.0,74.0,65.0,2.39,34.0,3
39.0,76.0,63.0,50.0,1.49,53.0,0
55.0,92.0,56.0,49.0,1.74,49.0,0
24.0,42.0,40.0,31.0,1.06,58.0,0
85.0,135.0,77.0,70.0,2.19,28.0,3
185.0,257.0,98.0,99.0,3.87,20.0,2
20.0,36.0,31.0,26.0,0.91,64.0,0
47.0,76.0,49.0,50.0,1.45,38.0,0
51.0,86.0,78.0,59.0,1.49,38.0,0
71.0,114.0,79.0,73.0,2.01,35.0,3
38.0,62.0,49.0,58.0,1.44,40.0,0
35.0,56.0,37.0,41.0,1.22,50.0,0
27.0,49.0,48.0,45.0,1.11,48.0,0
99.0,146.0,96.0,96.0,2.51,28.0,3
79.0,131.0,84.0,79.0,1.98,42.0,3
138.0,215.0,98.0,88.0,2.7,51.0,2
150.0,213.0,52.0,73.0,2.53,30.0,2
54.0,200.0,36.0,47.0,1.09,51.0,3
85.0,234.0,67.0,89.0,2.37,16.0,2
43.0,129.0,41.0,60.0,1.44,46.0,3
17.0,51.0,22.0,29.0,0.56,55.0,0
38.0,72.0,35.0,43.0,1.04,42.0,0
21.0,59.0,27.0,32.0,0.74,59.0,0
53.0,107.0,59.0,59.0,1.47,41.0,0
96.0,168.0,101.0,86.0,2.29,24.0,3
54.0,108.0,51.0,58.0,1.41,52.0,0
59.0,130.0,79.0,64.0,1.53,49.0,3
81.0,155.0,68.0,58.0,1.43,65.0,3
167.0,254.0,83.0,81.0,1.85,76.0,2
172.0,278.0,94.0,101.0,2.18,69.0,2
184.0,327.0,60.0,125.0,2.61,75.0,1
53.0,129.0,33.0,55.0,0.83,57.0,3
47.0,113.0,47.0,65.0,1.15,51.0,0
91.0,187.0,69.0,73.0,1.51,63.0,3
86.0,194.0,47.0,68.0,1.15,48.0,3
41.0,101.0,21.0,40.0,0.68,50.0,0
33.0,76.0,17.0,42.0,0.62,47.0,0
43.0,97.0,23.0,50.0,0.74,44.0,0
35.0,81.0,16.0,42.0,0.55,54.0,0
49.0,113.0,26.0,49.0,0.82,51.0,0
73.0,194.0,51.0,60.0,1.01,54.0,3
28.0,108.0,22.0,27.0,0.45,72.0,0
66.0,160.0,40.0,62.0,1.02,57.0,3
109.0,320.0,58.0,64.0,1.08,79.0,2
54.0,230.0,28.0,47.0,0.59,78.0,3
16.0,57.0,10.0,26.0,0.45,79.0,0
21.0,58.0,10.0,23.0,0.49,85.0,0
75.0,138.0,41.0,57.0,0.89,62.0,3
86.0,177.0,38.0,61.0,0.97,81.0,3
145.0,234.0,28.0,67.0,1.39,52.0,2
109.0,233.0,15.0,70.0,1.09,55.0,2
25.0,116.0,19.0,30.0,0.47,77.0,0
68.0,225.0,29.0,56.0,0.99,67.0,3
41.0,165.0,23.0,30.0,0.78,79.0,3
34.0,113.0,18.0,37.0,0.62,81.0,0
94.0,167.0,30.0,64.0,1.15,58.0,3
133.0,257.0,25.0,77.0,1.24,57.0,2
55.0,173.0,18.0,45.0,0.68,78.0,3
64.0,156.0,42.0,58.0,0.91,65.0,3
30.0,98.0,7.0,22.0,0.41,74.0,0
12.0,48.0,5.0,15.0,0.31,83.0,0
16.0,53.0,8.0,18.0,0.4,84.0,0
54.0,95.0,24.0,57.0,0.79,48.0,0
93.0,173.0,26.0,61.0,1.18,75.0,3
67.0,176.0,26.0,44.0,0.76,76.0,3
45.0,166.0,26.0,40.0,0.57,75.0,3
49.0,148.0,35.0,47.0,0.64,53.0,3
78.0,203.0,44.0,49.0,0.95,75.0,3
66.0,140.0,28.0,27.0,0.77,114.0,5
91.0,202.0,41.0,42.0,1.03,103.0,3
90.0,172.0,26.0,47.0,1.12,92.0,3
72.0,126.0,16.0,33.0,0.87,106.0,5
126.0,227.0,49.0,48.0,1.6,98.0,2
122.0,229.0,42.0,58.0,1.24,104.0,2
136.0,261.0,35.0,46.0,1.23,98.0,2
47.0,108.0,16.0,20.0,0.5,74.0,0
29.0,93.0,9.0,30.0,0.41,70.0,0
62.0,144.0,41.0,55.0,0.91,82.0,3
66.0,138.0,39.0,54.0,1.4,68.0,3
53.0,196.0,14.0,28.0,0.49,77.0,3
42.0,98.0,15.0,39.0,0.54,72.0,0
58.0,128.0,44.0,40.0,0.83,81.0,5
70.0,133.0,35.0,38.0,0.85,75.0,3
94.0,174.0,19.0,44.0,0.89,98.0,3
145.0,225.0,33.0,33.0,1.3,110.0,2
63.0,114.0,11.0,29.0,0.64,73.0,5
47.0,108.0,41.0,43.0,0.61,67.0,0
56.0,75.0,9.0,33.0,0.82,55.0,0
42.0,71.0,11.0,36.0,0.87,48.0,0
35.0,86.0,29.0,44.0,0.6,65.0,0
61.0,128.0,50.0,43.0,0.81,98.0,5
62.0,117.0,25.0,32.0,0.77,114.0,5
81.0,136.0,31.0,38.0,1.06,147.0,5
107.0,183.0,44.0,67.0,1.24,111.0,3
92.0,152.0,33.0,48.0,1.07,115.0,5
54.0,96.0,27.0,39.0,0.82,121.0,5
87.0,143.0,38.0,46.0,0.87,90.0,3
19.0,54.0,14.0,24.0,0.39,107.0,0
28.0,67.0,18.0,28.0,0.5,88.0,0
41.0,103.0,24.0,46.0,0.57,73.0,0
67.0,147.0,47.0,61.0,0.98,68.0,3
56.0,105.0,44.0,43.0,1.34,89.0,5
60.0,122.0,29.0,38.0,0.77,99.0,5
88.0,157.0,37.0,40.0,1.15,121.0,5
53.0,164.0,31.0,34.0,0.94,87.0,3
33.0,85.0,44.0,44.0,0.87,92.0,0
38.0,92.0,26.0,50.0,0.77,106.0,5
87.0,164.0,64.0,66.0,1.47,96.0,3
71.0,124.0,39.0,35.0,1.1,111.0,5
83.0,142.0,42.0,47.0,1.16,107.0,5
84.0,130.0,31.0,39.0,1.0,107.0,5
64.0,91.0,16.0,28.0,1.25,86.0,5
110.0,158.0,24.0,40.0,1.41,113.0,3
57.0,116.0,34.0,38.0,0.84,122.0,5
43.0,81.0,18.0,23.0,0.82,137.0,5
11.0,35.0,15.0,27.0,0.43,93.0,0
30.0,75.0,25.0,48.0,0.68,122.0,5
48.0,86.0,23.0,35.0,0.81,81.0,0
41.0,60.0,9.0,19.0,0.78,89.0,0
23.0,44.0,12.0,23.0,0.57,93.0,0
21.0,61.0,19.0,45.0,0.49,78.0,0
39.0,99.0,35.0,48.0,0.84,114.0,5
34.0,64.0,23.0,32.0,0.76,125.0,5
45.0,85.0,26.0,31.0,0.75,143.0,5
58.0,87.0,19.0,26.0,0.85,130.0,5
47.0,89.0,9.0,33.0,0.75,120.0,5
48.0,90.0,12.0,29.0,0.7,101.0,5
28.0,64.0,12.0,36.0,0.45,73.0,0
18.0,51.0,9.0,28.0,0.3,70.0,0
16.0,48.0,9.0,26.0,0.25,88.0,0
42.0,103.0,29.0,50.0,0.71,98.0,5
82.0,141.0,21.0,34.0,0.79,102.0,5
78.0,111.0,9.0,27.0,0.66,65.0,0
135.0,189.0,9.0,43.0,0.87,47.0,3
98.0,142.0,16.0,45.0,0.96,81.0,3
27.0,48.0,8.0,32.0,0.47,71.0,0
43.0,74.0,13.0,40.0,0.72,89.0,0
62.0,91.0,22.0,32.0,0.85,108.0,5
64.0,104.0,19.0,42.0,0.82,100.0,5
73.0,111.0,28.0,32.0,0.8,106.0,5
48.0,84.0,28.0,37.0,0.68,115.0,5
105.0,163.0,33.0,50.0,0.94,115.0,3
87.0,133.0,23.0,37.0,0.93,75.0,3
78.0,121.0,10.0,32.0,0.77,90.0,5
64.0,97.0,20.0,31.0,0.85,75.0,0
71.0,113.0,30.0,33.0,0.71,85.0,5
48.0,77.0,18.0,31.0,0.53,63.0,0
31.0,58.0,18.0,30.0,0.6,95.0,0
52.0,94.0,43.0,45.0,1.08,72.0,0
30.0,52.0,11.0,30.0,0.52,77.0,0
66.0,106.0,18.0,50.0,1.02,86.0,5
78.0,120.0,15.0,40.0,1.02,113.0,5
133.0,191.0,19.0,50.0,1.31,95.0,3
125.0,164.0,7.0,41.0,1.42,44.0,3
27.0,33.0,4.0,19.0,0.84,59.0,0
33.0,48.0,7.0,28.0,0.82,45.0,0
73.0,99.0,10.0,40.0,1.12,74.0,0
124.0,176.0,22.0,47.0,1.5,77.0,3
88.0,130.0,14.0,32.0,0.97,44.0,3
35.0,54.0,9.0,23.0,0.59,69.0,0
38.0,62.0,13.0,27.0,0.77,101.0,0
85.0,135.0,35.0,33.0,1.18,111.0,5
108.0,147.0,37.0,32.0,1.11,122.0,5
102.0,146.0,25.0,37.0,0.96,143.0,5
120.0,164.0,17.0,35.0,1.02,95.0,3
68.0,94.0,12.0,27.0,0.9,100.0,5
96.0,134.0,15.0,31.0,1.44,105.0,5
52.0,72.0,19.0,30.0,1.03,119.0,5
51.0,73.0,24.0,32.0,1.09,121.0,5
61.0,85.0,24.0,30.0,1.01,93.0,5
56.0,77.0,39.0,30.0,0.82,72.0,0
69.0,90.0,24.0,32.0,0.72,81.0,0
32.0,41.0,14.0,23.0,0.43,80.0,0
28.0,42.0,14.0,33.0,0.62,79.0,0
36.0,52.0,15.0,34.0,0.69,75.0,0
57.0,76.0,23.0,30.0,0.84,82.0,0
55.0,78.0,31.0,28.0,0.88,76.0,0
52.0,74.0,19.0,26.0,0.8,66.0,0
20.0,31.0,11.0,33.0,0.57,54.0,0
19.0,35.0,17.0,40.0,0.49,34.0,0
16.0,25.0,6.0,29.0,0.41,51.0,0
22.0,38.0,13.0,34.0,0.62,51.0,0
37.0,65.0,14.0,39.0,0.87,36.0,0
54.0,73.0,8.0,29.0,0.99,54.0,0
24.0,33.0,12.0,22.0,1.12,73.0,0
26.0,44.0,13.0,28.0,0.79,79.0,0
43.0,71.0,28.0,39.0,1.06,95.0,0
38.0,65.0,22.0,38.0,0.8,70.0,0
39.0,63.0,30.0,38.0,0.69,66.0,0
47.0,77.0,14.0,44.0,1.05,62.0,0
27.0,47.0,11.0,30.0,0.57,46.0,0
10.0,22.0,12.0,34.0,0.24,45.0,0
13.0,31.0,13.0,45.0,0.37,41.0,0
8.0,24.0,20.0,36.0,0.26,50.0,0
18.0,41.0,20.0,45.0,0.52,66.0,0
27.0,56.0,27.0,40.0,0.76,60.0,0
18.0,41.0,16.0,39.0,0.57,37.0,0
9.0,30.0,23.0,33.0,0.37,30.0,0
23.0,51.0,37.0,46.0,0.77,37.0,0
16.0,37.0,16.0,33.0,0.63,51.0,0
25.0,43.0,20.0,29.0,0.68,56.0,0
38.0,64.0,20.0,41.0,0.95,53.0,0
35.0,62.0,21.0,43.0,0.79,43.0,0
19.0,43.0,17.0,25.0,0.61,67.0,0
30.0,65.0,29.0,43.0,0.63,72.0,0
51.0,109.0,34.0,54.0,0.65,74.0,0
36.0,81.0,14.0,38.0,0.61,75.0,0
37.0,60.0,10.0,33.0,0.61,72.0,0
58.0,96.0,12.0,33.0,0.98,89.0,5
101.0,161.0,30.0,54.0,1.19,85.0,3
101.0,176.0,31.0,47.0,1.04,91.0,3
147.0,223.0,36.0,42.0,1.34,109.0,2
147.0,229.0,34.0,44.0,1.24,93.0,2
67.0,120.0,15.0,31.0,1.07,73.0,5
44.0,70.0,7.0,30.0,0.95,27.0,0
26.0,54.0,8.0,35.0,0.46,48.0,0
41.0,81.0,16.0,44.0,0.66,61.0,0
71.0,127.0,36.0,45.0,0.86,91.0,5
117.0,188.0,22.0,54.0,1.11,87.0,3
151.0,228.0,20.0,51.0,1.25,104.0,2
174.0,282.0,32.0,61.0,1.59,95.0,2
157.0,254.0,37.0,51.0,1.34,97.0,2
75.0,109.0,11.0,35.0,1.1,67.0,0
54.0,90.0,4.0,39.0,0.77,37.0,0
25.0,51.0,11.0,41.0,0.47,39.0,0
88.0,146.0,30.0,64.0,0.79,58.0,3
118.0,199.0,35.0,97.0,1.05,65.0,3
219.0,334.0,83.0,116.0,1.78,39.0,1
189.0,286.0,28.0,89.0,1.63,73.0,2
211.0,315.0,18.0,82.0,1.57,65.0,2
93.0,136.0,14.0,45.0,0.99,26.0,3
60.0,101.0,14.0,57.0,1.18,28.0,0
79.0,131.0,19.0,56.0,1.09,32.0,3
68.0,92.0,15.0,42.0,1.03,23.0,0
30.0,57.0,14.0,40.0,0.53,39.0,0
52.0,99.0,30.0,64.0,0.9,15.0,0
90.0,158.0,41.0,76.0,1.33,20.0,3
105.0,167.0,38.0,72.0,1.23,39.0,3
84.0,134.0,22.0,57.0,1.05,37.0,3
200.0,291.0,31.0,89.0,1.61,35.0,2
67.0,107.0,38.0,51.0,0.96,46.0,0
109.0,163.0,39.0,73.0,1.01,13.0,3
109.0,140.0,15.0,49.0,0.85,29.0,3
101.0,161.0,22.0,55.0,0.98,34.0,3
170.0,246.0,30.0,76.0,1.75,20.0,2
253.0,370.0,21.0,69.0,1.77,19.0,1
100.0,154.0,9.0,61.0,1.08,24.0,3
43.0,57.0,6.0,51.0,1.09,20.0,0
29.0,43.0,6.0,47.0,0.87,9.0,0
44.0,71.0,11.0,51.0,0.89,16.0,0
85.0,126.0,18.0,63.0,1.08,9.0,3
91.0,135.0,19.0,68.0,1.77,7.0,3
80.0,131.0,15.0,57.0,1.81,11.0,3
37.0,70.0,8.0,55.0,0.95,6.0,0
22.0,42.0,7.0,39.0,0.56,24.0,0
38.0,82.0,24.0,45.0,0.61,24.0,0
71.0,139.0,28.0,60.0,1.02,14.0,3
51.0,82.0,11.0,39.0,0.49,45.0,0
77.0,120.0,23.0,60.0,0.83,25.0,3
114.0,193.0,54.0,77.0,1.59,12.0,3
196.0,294.0,37.0,88.0,2.73,9.0,2
273.0,400.0,28.0,124.0,3.04,8.0,1
130.0,198.0,11.0,92.0,2.82,13.0,3
99.0,145.0,21.0,58.0,0.79,31.0,3
138.0,189.0,25.0,73.0,1.27,20.0,3
72.0,113.0,21.0,55.0,1.0,21.0,3
143.0,215.0,49.0,78.0,1.61,8.0,2
105.0,219.0,18.0,66.0,1.24,23.0,3
142.0,238.0,30.0,82.0,1.96,10.0,2
98.0,180.0,33.0,79.0,1.87,19.0,3
187.0,277.0,33.0,89.0,2.24,16.0,2
192.0,304.0,30.0,97.0,2.83,12.0,2
97.0,178.0,44.0,79.0,1.67,18.0,3
144.0,233.0,36.0,97.0,2.59,6.0,2
134.0,244.0,27.0,77.0,2.37,4.0,2
186.0,352.0,29.0,78.0,2.6,4.0,1
220.0,324.0,40.0,101.0,3.1,9.0,1
66.0,100.0,30.0,43.0,1.08,17.0,0
30.0,42.0,10.0,27.0,0.51,31.0,0
34.0,56.0,13.0,29.0,0.46,36.0,0
140.0,186.0,52.0,64.0,1.88,10.0,2
175.0,236.0,58.0,81.0,2.39,10.0,2
277.0,352.0,61.0,94.0,3.23,7.0,1
268.0,384.0,48.0,88.0,3.2,16.0,1
162.0,251.0,49.0,88.0,2.52,16.0,2
92.0,135.0,53.0,73.0,1.86,15.0,3
135.0,188.0,70.0,103.0,3.08,6.0,2
117.0,170.0,50.0,84.0,2.23,16.0,3
75.0,108.0,49.0,74.0,1.59,20.0,3
161.0,211.0,69.0,111.0,3.14,8.0,2
286.0,348.0,83.0,135.0,5.4,8.0,1
329.0,396.0,57.0,176.0,5.74,7.0,1
104.0,137.0,41.0,75.0,2.66,17.0,3
151.0,200.0,56.0,89.0,3.1,9.0,2
142.0,197.0,105.0,106.0,3.17,11.0,2
168.0,218.0,87.0,106.0,3.79,11.0,2
28.0,47.0,24.0,50.0,1.04,24.0,0
122.0,164.0,70.0,90.0,3.35,10.0,3
161.0,207.0,82.0,98.0,3.71,13.0,2
203.0,256.0,86.0,123.0,3.85,7.0,2
91.0,123.0,42.0,75.0,2.01,14.0,3
56.0,78.0,35.0,56.0,1.42,22.0,0
121.0,160.0,61.0,84.0,2.41,13.0,3
194.0,244.0,86.0,97.0,3.18,10.0,2
262.0,322.0,67.0,126.0,4.43,7.0,1
286.0,357.0,49.0,137.0,4.18,10.0,1
408.0,494.0,38.0,142.0,7.37,9.0,4
297.0,421.0,20.0,115.0,8.04,9.0,1
399.0,513.0,41.0,131.0,8.47,9.0,4
316.0,444.0,34.0,110.0,6.95,13.0,1
50.0,70.0,27.0,57.0,1.08,24.0,0
103.0,134.0,57.0,79.0,2.4,12.0,3
172.0,217.0,85.0,111.0,4.03,7.0,2
114.0,138.0,45.0,81.0,2.39,14.0,3
111.0,130.0,32.0,59.0,1.84,16.0,3
151.0,176.0,31.0,63.0,1.91,16.0,3
277.0,323.0,65.0,94.0,4.41,8.0,1
221.0,263.0,58.0,89.0,3.65,7.0,2
335.0,430.0,58.0,114.0,6.81,7.0,1
201.0,315.0,50.0,114.0,5.37,7.0,1
232.0,310.0,35.0,133.0,6.63,12.0,1
298.0,418.0,38.0,131.0,7.89,10.0,1
228.0,318.0,57.0,140.0,7.92,9.0,1
212.0,291.0,50.0,119.0,6.2,6.0,2
242.0,305.0,118.0,111.0,4.28,6.0,1
247.0,303.0,63.0,103.0,4.21,7.0,1
174.0,239.0,21.0,78.0,3.65,7.0,2
166.0,241.0,28.0,70.0,2.42,15.0,2
147.0,196.0,48.0,66.0,1.97,19.0,2
186.0,232.0,68.0,83.0,2.61,13.0,2
286.0,350.0,78.0,108.0,3.82,15.0,1
196.0,246.0,78.0,83.0,2.82,21.0,2
159.0,201.0,72.0,77.0,2.88,20.0,2
78.0,111.0,54.0,50.0,1.18,18.0,3
118.0,156.0,75.0,71.0,2.11,9.0,3
161.0,212.0,58.0,80.0,2.45,17.0,2
189.0,241.0,55.0,82.0,2.6,17.0,2
114.0,185.0,30.0,44.0,1.6,39.0,3
65.0,100.0,35.0,48.0,1.24,36.0,0
88.0,126.0,42.0,39.0,1.53,37.0,3
83.0,120.0,49.0,47.0,1.35,33.0,3
162.0,205.0,82.0,75.0,2.89,18.0,2
142.0,184.0,78.0,81.0,2.83,17.0,2
265.0,325.0,92.0,100.0,4.16,18.0,1
341.0,420.0,94.0,103.0,4.59,23.0,1
146.0,193.0,78.0,38.0,1.27,47.0,2
549.0,661.0,188.0,75.0,4.01,14.0,4
134.0,184.0,50.0,38.0,1.7,37.0,3
50.0,65.0,28.0,19.0,0.88,56.0,0
117.0,146.0,68.0,47.0,1.67,38.0,3
123.0,155.0,54.0,52.0,1.93,38.0,3
253.0,306.0,104.0,92.0,3.62,21.0,1
360.0,431.0,126.0,108.0,5.07,18.0,1
260.0,321.0,49.0,57.0,2.44,17.0,1
289.0,376.0,53.0,73.0,3.53,27.0,1
89.0,120.0,47.0,55.0,1.85,31.0,3
62.0,94.0,45.0,44.0,1.23,31.0,0
100.0,141.0,48.0,50.0,1.76,39.0,3
24.0,45.0,12.0,22.0,0.56,64.0,0
38.0,64.0,24.0,39.0,0.83,53.0,0
174.0,238.0,114.0,72.0,2.52,30.0,2
261.0,343.0,93.0,97.0,2.94,26.0,1
201.0,275.0,80.0,100.0,3.06,27.0,2
287.0,366.0,97.0,105.0,3.82,17.0,1
275.0,366.0,83.0,130.0,3.61,24.0,1
176.0,294.0,52.0,85.0,2.28,33.0,2
56.0,105.0,31.0,49.0,0.89,38.0,0
139.0,214.0,68.0,79.0,1.82,30.0,2
166.0,257.0,56.0,88.0,2.24,33.0,2
28.0,61.0,18.0,27.0,0.48,62.0,0
59.0,86.0,30.0,44.0,0.88,35.0,0
173.0,209.0,27.0,54.0,1.8,27.0,2
116.0,150.0,30.0,52.0,1.51,47.0,3
80.0,122.0,33.0,63.0,1.5,39.0,3
49.0,82.0,26.0,56.0,0.95,45.0,0
57.0,90.0,26.0,54.0,0.97,51.0,0
105.0,162.0,42.0,60.0,1.4,41.0,3
66.0,107.0,30.0,60.0,1.07,40.0,0
45.0,82.0,18.0,34.0,0.66,59.0,0
47.0,100.0,37.0,45.0,0.84,48.0,0
94.0,165.0,46.0,64.0,1.38,42.0,3
114.0,174.0,35.0,70.0,1.58,56.0,3
92.0,144.0,29.0,49.0,1.25,62.0,3
37.0,82.0,20.0,36.0,0.66,55.0,0
23.0,45.0,13.0,26.0,0.47,64.0,0
24.0,47.0,15.0,31.0,0.57,70.0,0
40.0,72.0,21.0,49.0,0.78,55.0,0
92.0,154.0,40.0,68.0,1.33,49.0,3
123.0,199.0,54.0,83.0,1.32,49.0,2
27.0,58.0,20.0,29.0,0.49,72.0,0
34.0,63.0,19.0,43.0,0.66,59.0,0
52.0,96.0,26.0,51.0,0.83,58.0,0
88.0,143.0,41.0,64.0,1.14,60.0,3
86.0,152.0,45.0,54.0,0.94,70.0,3
141.0,215.0,54.0,69.0,1.37,44.0,2
208.0,308.0,50.0,93.0,2.18,57.0,2
214.0,300.0,56.0,80.0,2.16,81.0,2
169.0,265.0,45.0,78.0,1.42,54.0,2
60.0,110.0,32.0,38.0,0.78,74.0,0
140.0,205.0,63.0,80.0,1.36,39.0,2
106.0,126.0,23.0,47.0,1.03,48.0,3
79.0,86.0,14.0,43.0,1.17,39.0,0
64.0,92.0,10.0,41.0,0.95,50.0,0
23.0,41.0,9.0,25.0,0.44,75.0,0
30.0,55.0,24.0,36.0,0.59,75.0,0
66.0,90.0,25.0,31.0,0.66,87.0,5
115.0,170.0,46.0,48.0,1.01,72.0,3
130.0,200.0,45.0,50.0,1.04,60.0,3
56.0,102.0,18.0,47.0,0.7,75.0,0
39.0,84.0,21.0,40.0,0.61,70.0,0
85.0,146.0,35.0,70.0,1.38,66.0,3
144.0,232.0,59.0,78.0,1.67,75.0,2
92.0,145.0,64.0,45.0,1.02,68.0,3
65.0,82.0,30.0,24.0,0.71,87.0,0
159.0,213.0,29.0,58.0,1.52,65.0,2
142.0,212.0,34.0,49.0,1.3,91.0,2
97.0,150.0,19.0,55.0,1.13,43.0,3
47.0,86.0,23.0,43.0,0.92,52.0,0
63.0,117.0,41.0,53.0,0.98,51.0,3
54.0,109.0,20.0,45.0,1.04,58.0,0
75.0,148.0,29.0,47.0,0.98,71.0,3
53.0,115.0,24.0,47.0,1.1,56.0,0
48.0,105.0,18.0,45.0,0.85,58.0,0
72.0,155.0,34.0,58.0,0.91,62.0,3
67.0,151.0,40.0,60.0,1.14,43.0,3
87.0,238.0,20.0,40.0,1.0,55.0,3
23.0,69.0,13.0,19.0,0.47,91.0,0
75.0,159.0,61.0,72.0,1.34,22.0,3
86.0,176.0,23.0,56.0,1.04,43.0,3
25.0,68.0,8.0,27.0,0.49,76.0,0
47.0,115.0,26.0,40.0,0.75,73.0,0
49.0,113.0,28.0,40.0,0.77,80.0,5
55.0,118.0,22.0,40.0,0.96,90.0,5
27.0,69.0,9.0,25.0,0.48,69.0,0
37.0,90.0,12.0,41.0,0.63,65.0,0
31.0,81.0,11.0,36.0,0.53,70.0,0
39.0,98.0,12.0,44.0,0.62,67.0,0
46.0,117.0,14.0,45.0,0.69,72.0,0
50.0,188.0,22.0,36.0,0.59,79.0,3
48.0,145.0,21.0,45.0,0.89,83.0,5
63.0,144.0,23.0,46.0,1.03,115.0,5
53.0,99.0,19.0,26.0,0.69,92.0,5
230.0,937.0,11.0,31.0,0.61,53.0,4
142.0,575.0,20.0,29.0,0.61,70.0,1
37.0,136.0,19.0,29.0,0.7,86.0,5
45.0,116.0,20.0,41.0,0.72,89.0,5
102.0,211.0,55.0,58.0,1.1,93.0,3
41.0,101.0,19.0,24.0,0.67,109.0,5
63.0,142.0,40.0,43.0,0.95,105.0,5
49.0,157.0,15.0,42.0,0.75,86.0,3
40.0,178.0,32.0,27.0,0.67,99.0,5
32.0,119.0,12.0,22.0,0.53,99.0,5
35.0,94.0,15.0,32.0,0.68,87.0,0
40.0,108.0,32.0,45.0,0.84,94.0,5
53.0,115.0,41.0,34.0,0.94,113.0,5
77.0,149.0,43.0,36.0,1.13,134.0,5
114.0,201.0,36.0,59.0,1.33,141.0,3
84.0,168.0,34.0,37.0,0.97,137.0,5
74.0,141.0,29.0,42.0,1.01,137.0,5
78.0,152.0,26.0,47.0,0.98,127.0,5
58.0,88.0,8.0,28.0,0.95,65.0,0
27.0,51.0,9.0,27.0,0.44,112.0,0
30.0,74.0,15.0,39.0,0.53,89.0,0
30.0,96.0,16.0,39.0,0.58,90.0,0
51.0,117.0,31.0,41.0,0.83,147.0,5
97.0,193.0,33.0,68.0,1.41,156.0,5
112.0,204.0,21.0,44.0,1.56,204.0,5
46.0,150.0,15.0,29.0,0.94,122.0,5
47.0,105.0,13.0,41.0,0.96,83.0,0
42.0,82.0,19.0,32.0,0.87,113.0,5
41.0,82.0,21.0,24.0,0.91,156.0,5
35.0,92.0,24.0,35.0,0.8,70.0,0
27.0,59.0,15.0,26.0,0.69,100.0,0
54.0,104.0,39.0,45.0,0.77,122.0,5
77.0,153.0,45.0,59.0,0.94,110.0,5
39.0,52.0,12.0,26.0,0.61,90.0,0
54.0,86.0,16.0,36.0,0.73,111.0,5
48.0,102.0,23.0,34.0,0.79,132.0,5
42.0,109.0,26.0,30.0,0.8,138.0,5
31.0,96.0,28.0,25.0,0.71,93.0,0
37.0,103.0,28.0,40.0,0.68,122.0,5
51.0,105.0,21.0,37.0,0.91,117.0,5
52.0,95.0,19.0,33.0,0.9,127.0,5
67.0,121.0,11.0,47.0,0.9,120.0,5
57.0,120.0,19.0,36.0,0.8,214.0,5
81.0,150.0,25.0,38.0,0.83,180.0,5
87.0,160.0,29.0,33.0,1.05,176.0,5
65.0,128.0,24.0,32.0,0.97,182.0,5
67.0,115.0,15.0,36.0,0.96,167.0,5
55.0,111.0,14.0,31.0,0.9,158.0,5
70.0,120.0,19.0,34.0,0.9,151.0,5
40.0,48.0,7.0,18.0,0.87,99.0,0
28.0,36.0,4.0,13.0,0.88,107.0,0
26.0,40.0,9.0,14.0,0.58,115.0,0
50.0,84.0,21.0,29.0,0.69,133.0,5
35.0,64.0,9.0,33.0,0.58,126.0,5
68.0,128.0,20.0,52.0,0.8,153.0,5
63.0,118.0,16.0,26.0,0.78,193.0,5
49.0,90.0,9.0,20.0,0.72,181.0,5
67.0,118.0,19.0,24.0,0.79,184.0,5
72.0,124.0,17.0,21.0,0.76,184.0,5
85.0,153.0,25.0,34.0,0.83,166.0,5
58.0,94.0,22.0,23.0,0.77,138.0,5
33.0,54.0,9.0,23.0,0.74,118.0,0
65.0,100.0,10.0,22.0,0.73,152.0,5
52.0,68.0,10.0,22.0,0.74,98.0,0
46.0,66.0,9.0,17.0,0.73,135.0,5
48.0,94.0,12.0,21.0,0.62,185.0,5
73.0,116.0,7.0,20.0,0.8,175.0,5
31.0,56.0,14.0,28.0,0.55,115.0,0
45.0,111.0,22.0,41.0,0.67,162.0,5
48.0,94.0,18.0,29.0,0.81,157.0,5
56.0,100.0,9.0,18.0,0.72,146.0,5
35.0,62.0,10.0,21.0,0.53,162.0,5
40.0,60.0,6.0,15.0,0.68,143.0,5
52.0,79.0,8.0,19.0,0.79,123.0,5
47.0,74.0,13.0,20.0,0.77,121.0,5
56.0,93.0,15.0,30.0,0.76,101.0,5
59.0,87.0,12.0,22.0,0.7,106.0,5
82.0,126.0,23.0,31.0,0.82,111.0,5
38.0,48.0,7.0,18.0,0.67,70.0,0
34.0,49.0,7.0,15.0,0.54,82.0,0
62.0,100.0,11.0,27.0,0.72,100.0,5
61.0,96.0,10.0,37.0,0.76,67.0,0
41.0,58.0,8.0,27.0,0.74,80.0,0
43.0,62.0,8.0,29.0,0.72,65.0,0
64.0,97.0,14.0,34.0,0.87,69.0,0
56.0,91.0,14.0,36.0,0.91,50.0,0
32.0,46.0,13.0,19.0,0.57,92.0,0
60.0,87.0,24.0,31.0,0.58,116.0,5
90.0,125.0,11.0,31.0,0.87,136.0,5
78.0,109.0,14.0,30.0,0.91,95.0,5
39.0,57.0,8.0,20.0,0.58,64.0,0
41.0,65.0,11.0,20.0,0.66,97.0,0
57.0,95.0,13.0,41.0,0.73,104.0,5
36.0,59.0,10.0,33.0,0.59,91.0,0
50.0,77.0,12.0,28.0,0.62,129.0,5
31.0,59.0,10.0,35.0,0.42,108.0,0
63.0,112.0,28.0,36.0,0.65,163.0,5
35.0,50.0,7.0,16.0,0.39,147.0,5
59.0,92.0,13.0,27.0,0.63,138.0,5
83.0,124.0,10.0,32.0,0.76,118.0,5
45.0,70.0,6.0,26.0,0.65,110.0,5
43.0,58.0,7.0,21.0,0.62,95.0,0
36.0,52.0,7.0,18.0,0.47,106.0,0
46.0,66.0,12.0,20.0,0.55,108.0,0
55.0,77.0,13.0,26.0,0.69,109.0,5
37.0,52.0,9.0,17.0,0.94,114.0,0
49.0,68.0,10.0,30.0,0.77,99.0,0
42.0,50.0,6.0,17.0,0.6,96.0,0
55.0,73.0,8.0,22.0,0.72,117.0,5
68.0,96.0,14.0,27.0,0.73,119.0,5
68.0,97.0,12.0,26.0,0.64,105.0,5
47.0,71.0,8.0,22.0,0.64,135.0,5
36.0,69.0,9.0,32.0,0.45,78.0,0
29.0,72.0,15.0,38.0,0.38,79.0,0
28.0,62.0,12.0,43.0,0.37,47.0,0
17.0,22.0,4.0,15.0,0.41,86.0,0
32.0,46.0,6.0,26.0,0.65,81.0,0
41.0,70.0,12.0,38.0,0.62,53.0,0
31.0,49.0,15.0,22.0,0.64,91.0,0
95.0,137.0,8.0,26.0,1.09,51.0,3
133.0,231.0,12.0,44.0,1.76,50.0,2
75.0,129.0,11.0,44.0,1.09,71.0,3
67.0,107.0,17.0,36.0,0.79,93.0,5
77.0,128.0,22.0,39.0,1.03,97.0,5
87.0,141.0,34.0,38.0,1.05,105.0,5
96.0,160.0,19.0,52.0,1.21,99.0,3
85.0,141.0,24.0,37.0,1.03,141.0,5
95.0,155.0,19.0,58.0,1.06,49.0,3
117.0,202.0,25.0,46.0,1.39,197.0,5
62.0,111.0,24.0,44.0,0.75,79.0,5
45.0,92.0,21.0,49.0,0.6,68.0,0
47.0,106.0,18.0,55.0,0.65,94.0,5
71.0,139.0,21.0,49.0,0.9,126.0,5
52.0,94.0,22.0,33.0,0.71,135.0,5
41.0,92.0,24.0,48.0,0.74,96.0,5
96.0,170.0,23.0,59.0,1.18,96.0,3
46.0,83.0,9.0,39.0,0.56,86.0,0
42.0,99.0,20.0,51.0,0.57,104.0,5
27.0,71.0,12.0,51.0,0.45,80.0,0
27.0,71.0,17.0,54.0,0.52,91.0,0
58.0,121.0,23.0,54.0,0.88,129.0,5
37.0,125.0,11.0,32.0,0.47,65.0,0
57.0,190.0,26.0,62.0,0.8,86.0,3
79.0,192.0,14.0,64.0,0.87,112.0,3
79.0,152.0,12.0,44.0,1.07,107.0,5
70.0,124.0,9.0,53.0,0.67,47.0,3
21.0,50.0,14.0,37.0,0.39,51.0,0
25.0,57.0,11.0,38.0,0.34,58.0,0
60.0,126.0,32.0,69.0,0.72,76.0,3
119.0,201.0,53.0,70.0,1.16,68.0,3
101.0,181.0,13.0,64.0,0.79,58.0,3
24.0,62.0,10.0,46.0,0.51,34.0,0
29.0,56.0,8.0,41.0,0.6,31.0,0
39.0,66.5,13.0,38.0,0.645,43.0,0
49.0,77.0,18.0,35.0,0.69,55.0,0
55.0,91.0,18.0,42.0,0.69,57.0,0
83.0,125.0,19.0,54.0,0.8,22.0,3
59.0,77.0,14.0,32.0,0.74,38.0,0
21.0,30.0,6.0,24.0,0.48,32.0,0
10.0,14.0,11.0,19.0,0.23,51.0,0
23.0,36.0,9.0,32.0,0.41,34.0,0
50.0,83.0,24.0,45.0,0.73,37.0,0
65.0,109.0,15.0,54.0,0.91,39.0,0
36.0,60.0,10.0,53.0,0.75,22.0,0
61.0,102.0,21.0,56.0,1.13,18.0,0
84.0,137.0,15.0,62.0,1.7,16.0,3
76.0,131.0,9.0,60.0,1.73,11.0,3
74.0,102.0,8.0,40.0,1.21,37.0,0
71.0,112.0,10.0,46.0,1.35,36.0,0
94.0,154.0,11.0,63.0,1.67,41.0,3
87.0,149.0,8.0,48.0,1.55,39.0,3
32.0,55.0,10.0,42.0,0.64,31.0,0
47.0,81.0,13.0,51.0,1.02,33.0,0
76.0,126.0,14.0,57.0,1.26,41.0,3
102.0,166.0,16.0,77.0,1.27,8.0,3
128.0,188.0,9.0,61.0,1.6,21.0,3
139.0,222.0,8.0,56.0,1.69,15.0,2
60.0,123.0,7.0,39.0,1.14,28.0,3
16.0,41.0,6.0,36.0,0.33,41.0,0
36.0,83.0,17.0,51.0,0.71,26.0,0
85.0,169.0,31.0,78.0,1.55,13.0,3
83.0,160.0,20.0,85.0,1.29,20.0,3
87.0,164.0,20.0,83.0,1.31,22.0,3
33.0,68.0,36.0,44.0,0.71,33.0,0
61.0,116.0,35.0,63.0,1.23,27.0,3
98.0,168.0,24.0,76.0,1.16,21.0,3
143.0,225.0,18.0,94.0,1.5,22.0,2
157.0,273.0,24.0,95.0,1.54,27.0,2
52.0,105.0,30.0,67.0,0.98,20.0,0
47.0,104.0,19.0,70.0,1.06,13.0,0
27.0,70.0,10.0,28.0,0.41,49.0,0
25.0,57.0,13.0,45.0,0.53,31.0,0
86.0,153.0,50.0,77.0,1.27,13.0,3
70.0,145.0,18.0,53.0,1.07,33.0,3
32.0,78.0,21.0,46.0,0.72,24.0,0
59.0,113.0,46.0,59.0,1.07,24.0,3
63.0,115.0,38.0,75.0,1.24,21.0,3
58.0,110.0,15.0,64.0,1.04,27.0,0
30.0,66.0,18.0,37.0,0.62,39.0,0
145.0,220.0,48.0,88.0,1.93,17.0,2
193.0,282.0,42.0,102.0,2.65,20.0,2
158.0,239.0,32.0,94.0,2.33,15.0,2
38.0,88.0,11.0,33.0,0.77,46.0,0
21.0,60.0,10.0,23.0,0.55,47.0,0
27.0,65.0,14.0,29.0,0.72,41.0,0
127.0,211.0,50.0,76.0,2.23,18.0,2
52.0,97.0,20.0,49.0,1.05,31.0,0
92.0,146.0,37.0,72.0,1.78,16.0,3
73.0,133.0,19.0,64.0,1.45,29.0,3
26.0,53.0,28.0,35.0,0.78,41.0,0
56.0,101.0,30.0,57.0,1.33,24.0,0
130.0,193.0,47.0,87.0,2.46,17.0,2
230.0,311.0,45.0,111.0,3.2,14.0,1
136.0,197.0,41.0,90.0,2.26,23.0,2
47.0,83.0,33.0,47.0,1.15,29.0,0
36.0,74.0,23.0,37.0,1.02,38.0,0
98.0,162.0,46.0,75.0,2.28,19.0,3
56.0,95.0,16.0,48.0,1.21,32.0,0
30.0,66.0,19.0,43.0,0.83,32.0,0
121.0,194.0,62.0,89.0,2.3,17.0,2
38.0,76.0,31.0,39.0,0.75,54.0,0
45.0,74.0,36.0,50.0,1.01,28.0,0
36.0,56.0,27.0,40.0,0.91,37.0,0
52.0,89.0,30.0,66.0,1.49,16.0,0
109.0,152.0,39.0,70.0,2.38,14.0,3
163.0,217.0,30.0,75.0,2.51,16.0,2
26.0,58.0,8.0,24.0,0.54,60.0,0
40.0,80.0,21.0,47.0,1.06,35.0,0
31.0,69.0,20.0,36.0,0.81,45.0,0
47.0,92.0,30.0,49.0,1.19,26.0,0
38.0,76.0,22.0,46.0,1.05,40.0,0
108.0,161.0,56.0,81.0,2.22,17.0,3
187.0,269.0,86.0,122.0,3.69,15.0,2
169.0,240.0,43.0,110.0,3.49,12.0,2
56.0,99.0,18.0,42.0,1.08,55.0,0
77.0,126.0,42.0,63.0,1.69,26.0,3
62.0,102.0,40.0,68.0,1.55,25.0,0
116.0,164.0,45.0,76.0,2.2,15.0,3
129.0,186.0,31.0,86.0,2.71,13.0,3
205.0,284.0,32.0,93.0,3.74,9.0,2
321.0,472.0,17.0,111.0,4.58,10.0,1
112.0,175.0,28.0,67.0,2.19,20.0,3
66.0,120.0,30.0,71.0,2.01,18.0,3
62.0,102.0,31.0,64.0,1.94,13.0,0
56.0,92.0,29.0,57.0,1.29,22.0,0
75.0,112.0,35.0,61.0,1.54,13.0,3
126.0,180.0,49.0,78.0,2.23,15.0,3
139.0,193.0,42.0,87.0,2.48,17.0,2
142.0,186.0,37.0,70.0,2.2,27.0,3
51.0,100.0,12.0,28.0,0.82,56.0,0
23.0,67.0,9.0,25.0,0.55,60.0,0
26.0,49.0,16.0,28.0,0.57,58.0,0
37.0,57.0,19.0,37.0,0.76,44.0,0
96.0,145.0,52.0,69.0,1.95,19.0,3
164.0,229.0,51.0,88.0,2.74,13.0,2
211.0,282.0,41.0,117.0,3.25,12.0,2
125.0,179.0,27.0,93.0,2.39,15.0,3
80.0,165.0,37.0,75.0,2.05,21.0,3
153.0,267.0,51.0,95.0,3.02,10.0,2
190.0,295.0,42.0,90.0,3.16,19.0,2
194.0,290.0,57.0,112.0,3.32,15.0,2
155.0,226.0,41.0,104.0,2.73,18.0,2
40.0,76.0,14.0,44.0,0.93,26.0,0
62.0,86.0,27.0,51.0,1.36,28.0,0
46.0,71.0,42.0,37.0,0.93,46.0,0
96.0,125.0,64.0,61.0,1.78,29.0,3
79.0,106.0,53.0,65.0,1.84,27.0,3
100.0,134.0,54.0,70.0,2.15,23.0,3
123.0,161.0,44.0,74.0,2.23,18.0,3
85.0,120.0,26.0,52.0,1.52,36.0,3
29.0,63.0,16.0,43.0,0.8,45.0,0
60.0,97.0,27.0,57.0,1.44,30.0,0
60.0,103.0,39.0,59.0,1.35,31.0,0
106.0,174.0,44.0,69.0,2.21,25.0,3
17.0,34.0,5.0,14.0,0.36,72.0,0
43.0,66.0,51.0,47.0,1.03,39.0,0
51.0,78.0,71.0,48.0,1.13,40.0,0
35.0,57.0,20.0,36.0,0.73,49.0,0
105.0,151.0,61.0,68.0,2.22,27.0,3
67.0,103.0,41.0,44.0,1.36,53.0,0
67.0,121.0,32.0,53.0,1.37,41.0,3
83.0,169.0,29.0,57.0,1.73,39.0,3
27.0,62.0,25.0,23.0,0.73,59.0,0
22.0,58.0,9.0,15.0,0.55,72.0,0
21.0,57.0,12.0,14.0,0.63,71.0,0
91.0,132.0,48.0,48.0,1.81,51.0,3
65.0,99.0,25.0,44.0,1.14,49.0,0
108.0,143.0,41.0,43.0,1.66,59.0,3
229.0,287.0,67.0,40.0,1.69,67.0,2
128.0,164.0,33.0,37.0,1.92,54.0,3
136.0,177.0,31.0,50.0,2.03,66.0,3
168.0,213.0,25.0,58.0,2.45,39.0,2
115.0,150.0,16.0,36.0,1.71,55.0,3
80.0,110.0,22.0,30.0,1.38,68.0,5
81.0,117.0,42.0,39.0,1.46,58.0,3
53.0,99.0,24.0,40.0,1.04,59.0,0
31.0,72.0,15.0,20.0,0.55,70.0,0
58.0,97.0,33.0,44.0,1.2,52.0,0
126.0,184.0,40.0,80.0,1.94,48.0,3
163.0,237.0,23.0,69.0,1.92,30.0,2
131.0,195.0,24.0,47.0,1.53,78.0,3
28.0,73.0,13.0,26.0,0.51,77.0,0
97.0,156.0,34.0,52.0,1.4,63.0,3
205.0,279.0,36.0,60.0,1.85,42.0,2
96.0,192.0,15.0,42.0,1.12,49.0,3
44.0,81.0,19.0,38.0,0.95,59.0,0
45.0,72.0,22.0,38.0,0.79,48.0,0
56.0,94.0,24.0,42.0,0.89,49.0,0
79.0,119.0,16.0,50.0,1.18,54.0,3
106.0,157.0,24.0,57.0,1.49,66.0,3
135.0,204.0,26.0,72.0,1.52,75.0,3
54.0,88.0,16.0,45.0,0.97,56.0,0
143.0,215.0,30.0,78.0,1.99,61.0,2
246.0,343.0,34.0,84.0,2.4,118.0,1
222.0,301.0,23.0,61.0,1.9,100.0,2
61.0,164.0,10.0,28.0,0.8,72.0,3
26.0,56.0,7.0,23.0,0.49,84.0,0
51.0,74.0,9.0,39.0,0.75,47.0,0
95.0,115.0,7.0,40.0,0.91,41.0,3
100.0,135.0,11.0,46.0,1.14,59.0,3
36.0,64.0,24.0,40.0,0.54,63.0,0
41.0,73.0,17.0,37.0,0.77,69.0,0
81.0,130.0,23.0,54.0,1.13,62.0,3
117.0,186.0,28.0,74.0,1.3,54.0,3
72.0,125.0,15.0,67.0,0.95,68.0,3
88.0,148.0,26.0,58.0,1.07,98.0,3
84.0,147.0,29.0,50.0,1.02,108.0,5
86.0,178.0,32.0,46.0,0.97,83.0,3
92.0,393.0,17.0,52.0,0.91,63.0,2
27.0,102.0,18.0,31.0,0.66,76.0,0
33.0,72.0,19.0,40.0,0.65,86.0,0
107.0,197.0,27.0,89.0,1.18,77.0,3
134.0,235.0,26.0,71.0,1.27,118.0,2
134.0,256.0,30.0,56.0,1.27,136.0,2
47.0,161.0,13.0,27.0,0.71,74.0,3
22.0,36.0,11.0,21.0,0.51,67.0,0
41.0,65.0,9.0,28.0,0.62,54.0,0
14.0,46.0,3.0,9.0,0.32,54.0,0
20.0,58.0,15.0,31.0,0.52,97.0,0
45.0,99.0,29.0,51.0,0.85,81.0,0
76.0,140.0,28.0,58.0,1.1,65.0,3
79.0,184.0,19.0,58.0,1.23,91.0,3
30.0,82.0,17.0,40.0,0.63,66.0,0
57.0,135.0,25.0,58.0,0.91,70.0,3
31.0,48.0,7.0,32.0,0.76,63.0,0
23.0,72.0,4.0,15.0,0.52,59.0,0
24.0,74.0,8.0,35.0,0.44,83.0,0
56.0,170.0,33.0,42.0,0.81,71.0,3
65.0,193.0,21.0,38.0,0.77,89.0,3
77.0,198.0,24.0,37.0,0.94,103.0,3
79.0,167.0,39.0,40.0,0.85,113.0,5
73.0,148.0,16.0,38.0,0.74,111.0,5
62.0,95.0,12.0,41.0,1.14,141.0,5
18.0,24.0,4.0,19.0,0.34,68.0,0
28.0,49.0,5.0,34.0,0.47,80.0,0
31.0,69.0,7.0,41.0,0.5,74.0,0
53.0,96.0,23.0,44.0,0.67,76.0,0
100.0,163.0,28.0,55.0,1.06,104.0,3
55.0,147.0,13.0,37.0,0.55,101.0,5
79.0,157.0,33.0,46.0,0.9,107.0,5
77.0,135.0,36.0,40.0,0.99,147.0,5
42.0,87.0,15.0,23.0,0.55,120.0,5
40.0,145.0,8.0,25.0,0.44,88.0,5
17.0,42.0,6.0,24.0,0.33,76.0,0
19.0,57.0,8.0,31.0,0.34,83.0,0
44.0,92.0,26.0,38.0,0.7,123.0,5
50.0,211.0,12.0,29.0,0.4,88.0,3
47.0,124.0,14.0,31.0,0.61,105.0,5
51.0,114.0,35.0,29.0,0.63,121.0,5
25.0,60.0,13.0,30.0,0.47,104.0,0
35.0,81.0,15.0,43.0,0.55,127.0,5
62.0,118.0,22.0,36.0,0.8,144.0,5
63.0,102.0,13.0,32.0,0.71,133.0,5
81.0,133.0,16.0,30.0,0.68,123.0,5
56.0,100.0,14.0,34.0,0.62,121.0,5
85.0,161.0,17.0,44.0,0.83,134.0,5
59.0,103.0,32.0,31.0,0.85,96.0,5
60.0,85.0,17.0,27.0,0.93,94.0,5
48.0,80.0,10.0,28.0,0.81,83.0,0
54.0,106.0,27.0,31.0,0.83,146.0,5
40.0,75.0,25.0,34.0,0.59,119.0,5
34.0,48.0,6.0,21.0,0.48,115.0,0
44.0,60.0,9.0,24.0,0.6,78.0,0
34.0,86.0,6.0,23.0,0.32,86.0,0
37.0,126.0,21.0,37.0,0.58,103.0,5
47.0,116.0,28.0,33.0,0.73,130.0,5
68.0,135.0,16.0,24.0,0.79,127.0,5
103.0,185.0,30.0,34.0,1.52,113.0,3
38.0,128.0,10.0,36.0,0.27,95.0,5
34.0,128.0,16.0,35.0,0.32,90.0,5
19.0,50.0,9.0,29.0,0.24,110.0,0
28.0,77.0,18.0,44.0,0.37,103.0,0
35.0,88.0,12.0,55.0,0.47,115.0,5
33.0,79.0,13.0,44.0,0.5,145.0,5
58.0,122.0,26.0,37.0,0.88,199.0,5
52.0,126.0,16.0,27.0,0.59,151.0,5
35.0,106.0,11.0,28.0,0.43,143.0,5
30.0,106.0,23.0,31.0,0.63,154.0,5
42.0,128.0,22.0,33.0,0.66,212.0,5
30.0,71.0,9.0,18.0,0.52,168.0,5
28.0,66.0,9.0,23.0,0.5,132.0,5
16.0,29.0,6.0,14.0,0.35,109.0,0
28.0,46.0,6.0,16.0,0.5,131.0,5
47.0,81.0,7.0,24.0,0.59,142.0,5
64.0,123.0,11.0,35.0,0.78,149.0,5
44.0,72.0,8.0,21.0,0.7,129.0,5
32.0,67.0,6.0,33.0,0.56,135.0,5
46.0,88.0,11.0,27.0,0.7,164.0,5
53.0,97.0,13.0,25.0,0.71,157.0,5
37.0,69.0,11.0,22.0,0.59,150.0,5
64.0,111.0,13.0,29.0,0.72,158.0,5
46.0,82.0,10.0,27.0,0.71,141.0,5
38.0,69.0,10.0,22.0,0.56,147.0,5
53.0,114.0,18.0,37.0,1.22,187.0,5
40.0,74.0,12.0,32.0,0.65,150.0,5
38.0,78.0,16.0,26.0,0.6,208.0,5
45.0,82.0,13.0,21.0,0.59,191.0,5
60.0,104.0,12.0,28.0,0.71,150.0,5
69.0,99.0,10.0,21.0,0.75,151.0,5
57.0,97.0,13.0,25.0,0.81,138.0,5
16.0,35.0,8.0,21.0,0.27,109.0,0
27.0,69.0,16.0,31.0,0.52,160.0,5
35.0,70.0,14.0,22.0,0.59,177.0,5
37.0,62.0,11.0,17.0,0.64,170.0,5
42.0,64.0,10.0,15.0,0.54,137.0,5
43.0,74.0,11.0,20.0,0.63,149.0,5
65.0,108.0,13.0,30.0,0.77,169.0,5
48.0,89.0,17.0,25.0,0.78,166.0,5
51.0,81.0,10.0,22.0,0.93,183.0,5
49.0,74.0,9.0,24.0,0.67,78.0,0
47.0,58.0,4.0,20.0,0.74,118.0,5
56.0,77.0,7.0,26.0,0.66,81.0,0
32.0,42.0,6.0,21.0,0.53,70.0,0
29.0,40.0,6.0,24.0,0.48,61.0,0
30.0,41.0,3.0,24.0,0.69,75.0,0
50.0,68.0,5.0,36.0,0.87,56.0,0
37.0,47.0,8.0,25.0,0.6,83.0,0
42.0,65.0,8.0,31.0,0.74,101.0,0
30.0,41.0,6.0,20.0,0.63,85.0,0
30.0,32.0,5.0,22.0,0.57,56.0,0
45.0,56.0,4.0,17.0,0.65,95.0,0
33.0,49.0,6.0,19.0,0.57,119.0,0
46.0,71.0,8.0,18.0,0.68,144.0,5
47.0,71.0,9.0,19.0,0.69,147.0,5
49.0,72.0,7.0,21.0,0.63,136.0,5
43.0,63.0,8.0,25.0,0.73,98.0,0
24.0,36.0,7.0,14.0,0.56,91.0,0
21.0,31.0,5.0,17.0,0.52,109.0,0
17.0,41.0,8.0,29.0,0.51,102.0,0
42.0,65.0,12.0,16.0,0.86,139.0,5
41.0,60.0,15.0,18.0,0.81,130.0,5
45.0,68.0,10.0,19.0,0.8,129.0,5
46.0,72.0,18.0,22.0,0.79,121.0,5
46.0,80.0,39.0,33.0,0.84,117.0,5
47.0,80.0,10.0,28.0,0.76,133.0,5
64.0,98.0,12.0,25.0,1.13,131.0,5
48.0,79.0,11.0,24.0,0.82,140.0,5
50.0,87.0,13.0,26.0,0.95,192.0,5
32.0,51.0,9.0,20.0,0.59,103.0,0
29.0,42.0,6.0,18.0,0.87,87.0,0
55.0,77.0,7.0,30.0,1.22,78.0,0
37.0,47.0,5.0,21.0,0.94,86.0,0
23.0,33.0,6.0,22.0,1.01,87.0,0
29.0,52.0,11.0,29.0,0.92,113.0,0
29.0,49.0,14.0,23.0,0.78,128.0,5
27.0,38.0,7.0,16.0,0.67,132.0,0
33.0,46.0,5.0,14.0,0.7,138.0,5
25.0,35.0,4.0,15.0,0.63,73.0,0
15.0,29.0,4.0,17.0,0.52,95.0,0
16.0,36.0,4.0,23.0,0.42,100.0,0
25.0,55.0,10.0,26.0,0.56,157.0,5
26.0,52.0,8.0,24.0,0.59,131.0,5
22.0,37.0,5.0,26.0,0.55,58.0,0
24.0,36.0,7.0,14.0,0.6,102.0,0
25.0,54.0,6.0,31.0,0.48,106.0,0
32.0,81.0,12.0,54.0,0.7,65.0,0
23.0,50.0,7.0,29.0,0.51,111.0,0
30.5,62.5,11.5,26.5,0.64,137.0,5
38.0,75.0,16.0,24.0,0.77,155.0,5
39.5,73.0,20.0,25.5,0.755,122.5,5
41.0,71.0,24.0,27.0,0.74,163.0,5
32.0,61.0,17.5,27.5,0.625,140.5,5
23.0,51.0,11.0,28.0,0.51,118.0,0
22.0,46.5,8.5,25.0,0.555,100.0,0
21.0,42.0,6.0,22.0,0.6,82.0,0
41.0,61.5,6.5,24.0,0.79,104.0,0
61.0,81.0,7.0,26.0,0.98,126.0,5
28.0,51.0,5.0,28.0,0.41,70.0,0
14.0,37.0,7.0,33.0,0.36,57.0,0
19.0,51.0,11.0,33.0,0.42,70.0,0
23.0,64.0,11.0,21.0,0.46,68.0,0
12.0,29.0,6.0,27.0,0.28,55.0,0
15.0,37.0,11.0,33.0,0.31,53.0,0
23.0,54.0,19.0,37.0,0.47,85.0,0
42.0,89.0,23.0,51.0,0.71,74.0,0
37.0,74.0,22.0,32.0,0.62,93.0,0
48.0,85.0,56.0,41.0,0.73,91.0,0
78.0,142.0,22.0,53.0,0.95,85.0,3
83.0,140.0,18.0,50.0,1.0,85.0,3
47.0,82.0,10.0,35.0,0.64,32.0,0
20.0,58.0,13.0,36.0,0.43,42.0,0
36.0,75.0,12.0,49.0,0.59,33.0,0
33.0,55.0,9.0,34.0,0.72,58.0,0
55.0,83.0,8.0,38.0,0.8,51.0,0
60.0,91.0,12.0,49.0,0.79,48.0,0
43.0,79.0,10.0,35.0,0.54,47.0,0
15.0,46.0,5.0,33.0,0.34,49.0,0
16.0,43.0,6.0,34.0,0.31,48.0,0
21.0,51.0,9.0,33.0,0.37,46.0,0
41.0,84.0,23.0,47.0,0.67,32.0,0
43.0,75.0,9.0,41.0,0.67,69.0,0
83.0,140.0,14.0,58.0,1.0,59.0,3
39.0,73.0,5.0,34.0,0.58,52.0,0
18.0,37.0,6.0,30.0,0.37,51.0,0
16.0,47.0,8.0,28.0,0.36,43.0,0
16.0,38.0,4.0,34.0,0.38,56.0,0
23.0,54.0,6.0,42.0,0.46,51.0,0
41.0,97.0,10.0,60.0,0.64,45.0,0
60.0,124.0,13.0,75.0,0.86,60.0,3
106.0,188.0,17.0,77.0,1.11,82.0,3
49.0,103.0,11.0,44.0,0.59,48.0,0
25.0,68.0,16.0,41.0,0.5,41.0,0
41.0,100.0,16.0,52.0,0.67,39.0,0
17.0,48.0,4.0,26.0,0.36,42.0,0
23.0,55.0,19.0,35.0,0.5,29.0,0
27.0,62.0,10.0,43.0,0.54,30.0,0
62.0,134.0,17.0,65.0,0.91,30.0,3
99.0,175.0,19.0,81.0,1.18,41.0,3
134.0,230.0,24.0,92.0,1.25,21.0,2
166.0,260.0,25.0,87.0,1.37,18.0,2
97.0,135.0,9.0,42.0,1.22,42.0,3
70.0,109.0,12.0,57.0,1.26,26.0,0
65.0,109.0,10.0,54.0,0.98,44.0,0
75.0,124.0,14.0,66.0,0.99,47.0,3
77.0,129.0,17.0,68.0,0.94,54.0,3
120.0,196.0,28.0,84.0,1.36,22.0,3
113.0,192.0,13.0,60.0,1.16,36.0,3
22.0,63.0,10.0,39.0,0.44,40.0,0
63.0,131.0,23.0,70.0,0.85,28.0,3
99.0,187.0,20.0,98.0,1.11,9.0,3
14.0,50.0,3.0,17.0,0.27,53.0,0
26.0,68.0,10.0,44.0,0.51,27.0,0
13.0,41.0,5.0,22.0,0.3,58.0,0
24.0,51.0,43.0,38.0,0.44,36.0,0
53.0,98.0,45.0,56.0,0.69,28.0,0
67.0,123.0,29.0,77.0,1.03,17.0,3
110.0,183.0,23.0,85.0,1.37,26.0,3
163.0,235.0,48.0,96.0,1.29,27.0,2
171.0,244.0,20.0,84.0,1.4,40.0,2
121.0,172.0,12.0,67.0,1.01,10.0,3
26.0,38.0,5.0,32.0,0.5,16.0,0
39.0,71.0,22.0,47.0,0.72,6.0,0
56.0,110.0,22.0,58.0,1.27,6.0,0
67.0,111.0,19.0,53.0,1.03,24.0,0
74.0,125.0,33.0,63.0,1.04,20.0,3
22.0,49.0,11.0,49.0,0.49,22.0,0
53.0,96.0,13.0,46.0,0.8,38.0,0
129.0,184.0,26.0,73.0,1.58,23.0,3
180.0,259.0,16.0,71.0,1.99,15.0,2
142.0,223.0,6.0,47.0,1.83,35.0,2
119.0,163.0,21.0,55.0,1.2,7.0,3
20.0,39.0,7.0,34.0,0.45,33.0,0
68.0,107.0,21.0,55.0,1.09,15.0,0
63.0,112.0,20.0,50.0,1.2,25.0,0
103.0,171.0,29.0,77.0,1.44,12.0,3
85.0,155.0,20.0,84.0,1.36,8.0,3
57.0,106.0,14.0,53.0,0.96,19.0,0
93.0,151.0,27.0,63.0,1.38,15.0,3
105.0,164.0,22.0,78.0,1.87,6.0,3
129.0,195.0,23.0,75.0,1.89,19.0,3
193.0,269.0,28.0,98.0,2.39,15.0,2
356.0,464.0,43.0,127.0,3.79,6.0,1
229.0,399.0,46.0,89.0,2.45,13.0,1
76.0,214.0,22.0,65.0,1.33,14.0,3
71.0,195.0,28.0,72.0,1.64,11.0,3
124.0,263.0,36.0,73.0,2.11,12.0,2
183.0,339.0,28.0,87.0,2.31,9.0,1
184.0,304.0,11.0,61.0,1.9,21.0,2
92.0,265.0,7.0,46.0,1.05,25.0,2
40.0,124.0,14.0,48.0,0.82,21.0,0
84.0,165.0,29.0,57.0,1.48,4.0,3
55.0,102.0,6.0,29.0,0.87,28.0,0
27.0,48.0,20.0,26.0,0.57,35.0,0
25.0,47.0,9.0,28.0,0.53,42.0,0
80.0,122.0,32.0,52.0,1.33,19.0,3
103.0,157.0,33.0,72.0,1.78,9.0,3
72.0,121.0,33.0,58.0,1.17,17.0,3
112.0,172.0,36.0,63.0,1.92,13.0,3
124.0,190.0,41.0,79.0,2.15,11.0,3
101.0,148.0,32.0,70.0,1.66,16.0,3
156.0,216.0,47.0,90.0,2.55,9.0,2
240.0,331.0,33.0,98.0,3.55,15.0,1
37.0,86.0,21.0,44.0,0.93,34.0,0
100.0,167.0,52.0,75.0,1.88,15.0,3
112.0,180.0,37.0,87.0,2.18,11.0,3
111.0,185.0,30.0,86.0,2.2,14.0,3
124.0,196.0,38.0,94.0,2.01,12.0,2
